"0944","Toronto (Ont.)","Large urban",F,5132794,4732361,T,8.5,1918983,1836283,1751.4856,1
"0547","Montréal (Que.)","Large urban",F,3407963,3260508,T,4.5,1524857,1448612,1545.2953,2
"0973","Vancouver (B.C.)","Large urban",F,2135201,1955278,T,9.2,876274,822740,1150.4323,3
"0115","Calgary (Alta.)","Large urban",F,1095404,988079,F,10.9,445238,422876,704.5092,4
"0252","Edmonton (Alta.)","Large urban",F,960015,862544,F,11.3,404796,379072,855.3241,5
"0616","Ottawa - Gatineau (Ont./Que.)","Large urban",F,933596,867593,T,7.6,409697,389961,501.9162,6
"0685","Québec (Que.)","Large urban",F,696946,661011,T,5.4,330634,318622,669.3900,7
"1036","Winnipeg (Man.)","Large urban",F,671551,641556,T,4.7,282975,271417,449.8195,8
"0349","Hamilton (Ont.)","Large urban",F,670580,647682,T,3.5,276319,264774,370.2569,9
"0419","Kitchener (Ont.)","Large urban",F,444681,422514,F,5.2,180406,170352,313.8170,10
"0480","London (Ont.)","Large urban",F,366191,353874,T,3.5,168142,153712,221.5205,11
"0984","Victoria (B.C.)","Large urban",F,316327,303977,T,4.1,154637,142044,277.0860,12
"0788","St. Catharines - Niagara (Ont.)","Large urban",F,309319,308820,T,0.2,136501,128295,378.6801,13
"0348","Halifax (N.S.)","Large urban",F,297943,285480,T,4.4,139837,130955,269.2716,14
"0614","Oshawa (Ont.)","Large urban",F,290937,270059,T,7.7,109716,106240,164.2885,15
"1032","Windsor (Ont.)","Large urban",F,276165,278869,T,-1.0,119849,110621,175.7690,16
"0738","Saskatoon (Sask.)","Large urban",F,222035,202425,F,9.7,96215,90897,150.1267,17
"0698","Regina (Sask.)","Large urban",F,192756,179246,F,7.5,83052,79499,118.9214,18
"0043","Barrie (Ont.)","Large urban",F,166634,157501,F,5.8,65158,61342,171.9680,19
"0792","St. John's (N.L.)","Large urban",F,165346,152729,T,8.3,72562,67530,185.5453,20
"1048","Abbotsford (B.C.)","Large urban",F,149855,140275,T,6.8,56707,52749,158.7433,21
"0403","Kelowna (B.C.)","Large urban",F,141767,128127,T,10.6,66335,60074,143.0565,22
"0758","Sherbrooke (Que.)","Large urban",F,140628,134882,T,4.3,70525,65426,171.0373,23
"0953","Trois-Rivières (Que.)","Large urban",F,126460,121671,T,3.9,63494,59417,177.2491,24
"0343","Guelph (Ont.)","Large urban",F,122362,115635,F,5.8,52620,48331,78.8588,25
"0415","Kingston (Ont.)","Large urban",F,117787,112580,T,4.6,55756,50755,93.4650,26
"0539","Moncton (N.B.)","Large urban",F,107086,96987,T,10.4,49277,45910,130.6466,27
"0904","Sudbury (Ont.)","Large urban",F,106840,106612,F,0.2,50563,47277,271.9002,28
"0176","Chicoutimi - Jonquière (Que.)","Large urban",F,106666,106184,T,0.5,49872,48215,131.9027,29
"0935","Thunder Bay (Ont.)","Large urban",F,102222,103247,F,-1.0,47389,44846,179.3760,30
"0399","Kanata (Ont.)","Large urban",F,101760,86632,T,17.5,35431,34919,49.5858,31
"0734","Saint John (N.B.)","Medium",F,95902,91352,T,5.0,42968,39965,209.6837,32
"0092","Brantford (Ont.)","Medium",F,93650,90192,F,3.8,39397,37500,73.4420,33
"0694","Red Deer (Alta.)","Medium",F,90207,82732,T,9.0,38643,36211,61.0391,34
"0568","Nanaimo (B.C.)","Medium",F,88799,84100,T,5.6,40866,38183,103.1141,35
"0467","Lethbridge (Alta.)","Medium",F,83679,74870,T,11.8,37474,34213,122.5244,36
"0836","Saint-Jean-sur-Richelieu (Que.)","Medium",F,83053,78519,F,5.8,36791,35746,86.7654,37
"1021","White Rock (B.C.)","Medium",F,82368,74023,T,11.3,36530,34594,45.9983,38
"0636","Peterborough (Ont.)","Medium",F,80660,77348,T,4.3,36450,34173,76.1201,39
"0737","Sarnia (Ont.)","Medium",F,79526,78827,F,0.9,35976,34089,94.3289,40
"0532","Milton (Ont.)","Medium",F,75573,45486,T,66.1,24934,24565,32.0675,41
"0397","Kamloops (B.C.)","Medium",F,73472,70549,T,4.1,32480,30716,52.2613,42
"1177","Châteauguay (Que.)","Medium",F,70812,66204,F,7.0,29107,28156,91.4388,43
"0739","Sault Ste. Marie (Ont.)","Medium",F,67646,67734,T,-0.1,30973,29757,57.4621,44
"0177","Chilliwack (B.C.)","Medium",F,66382,58593,T,13.3,28189,26768,80.6319,45
"0240","Drummondville (Que.)","Medium",F,66314,62199,T,6.6,31438,30085,62.4080,46
"0842","Saint-Jérôme (Que.)","Medium",F,65825,62368,T,5.5,31348,30006,55.5157,47
"0523","Medicine Hat (Alta.)","Medium",F,65671,62203,T,5.6,29572,27562,128.3924,48
"0679","Prince George (B.C.)","Medium",F,65503,65066,T,0.7,29173,26774,99.9275,49
"0061","Belleville (Ont.)","Medium",F,63985,64310,T,-0.5,29285,27811,79.2025,50
"0305","Fredericton (N.B.)","Medium",F,61522,57255,T,7.5,28632,26660,141.7562,51
"0292","Fort McMurray (Alta.)","Medium",F,61374,47705,F,28.7,26401,21729,59.8915,52
"0328","Granby (Que.)","Medium",F,60281,56777,T,6.2,27999,27119,90.5332,53
"0336","Grande Prairie (Alta.)","Medium",F,54913,47066,T,16.7,22933,21137,42.3007,54
"0595","North Bay (Ont.)","Medium",F,53515,53100,F,0.8,24675,23250,136.1032,55
"0063","Beloeil (Que.)","Medium",F,50796,46574,T,9.1,20647,20125,47.5772,56
"0205","Cornwall (Ont.)","Medium",F,49243,48792,F,0.9,22437,21544,77.0306,57
"0834","Saint-Hyacinthe (Que.)","Medium",F,48576,47306,F,2.7,23784,22562,44.7581,58
"0750","Shawinigan (Que.)","Medium",F,47735,49236,F,-3.0,24634,23005,109.9251,59
"0091","Brandon (Man.)","Medium",F,46061,41511,F,11.0,20235,19332,76.8871,60
"0983","Vernon (B.C.)","Medium",F,44600,42731,T,4.4,20178,18777,52.7203,61
"0167","Chatham (Ont.)","Medium",F,44074,45783,F,-3.7,19585,18588,32.2531,62
"0087","Bowmanville - Newcastle (Ont.)","Medium",F,43555,38265,T,13.8,16418,15888,33.1416,63
"0396","Joliette (Que.)","Medium",F,42883,39219,T,9.3,20489,19759,47.5917,64
"0159","Charlottetown (P.E.I.)","Medium",F,42602,38801,F,9.8,19339,18095,57.8944,65
"0003","Airdrie (Alta.)","Medium",F,42564,28927,T,47.1,15638,15024,33.0981,66
"0987","Victoriaville (Que.)","Medium",F,41701,38435,T,8.5,19321,18695,39.0213,67
"0799","St. Thomas (Ont.)","Medium",F,41688,39573,T,5.3,17698,16982,39.8324,68
"0207","Courtenay (B.C.)","Medium",F,40809,37435,T,9.0,19043,18208,55.6910,69
"0314","Georgetown (Ont.)","Medium",F,40150,36755,T,9.2,13805,13649,23.1213,70
"0971","Salaberry-de-Valleyfield (Que.)","Medium",F,39391,38936,F,1.2,18757,18015,51.4094,71
"0709","Rimouski (Que.)","Medium",F,37664,35948,F,4.8,18623,17613,40.8246,72
"1039","Woodstock (Ont.)","Medium",F,37362,35424,T,5.5,16297,15549,31.1368,73
"0770","Sorel (Que.)","Medium",F,36969,36594,F,1.0,17954,17261,52.2991,74
"0632","Penticton (B.C.)","Medium",F,36902,35846,F,2.9,18615,17115,84.5043,75
"0678","Prince Albert (Sask.)","Medium",F,35552,34547,T,2.9,14968,13820,66.4994,76
"0119","Campbell River (B.C.)","Medium",F,34514,33121,T,4.2,15649,14740,39.2396,77
"0549","Moose Jaw (Sask.)","Medium",F,33617,32526,F,3.4,15554,14729,62.8288,78
"0913","Cape Breton - Sydney (N.S.)","Medium",F,31597,32496,T,-2.8,14703,13629,43.9748,79
"0531","Midland (Ont.)","Medium",F,31428,31312,T,0.4,14672,13093,74.4439,80
"0463","Leamington (Ont.)","Medium",F,31254,31113,F,0.5,12650,11770,25.6404,81
"0897","Stratford (Ont.)","Medium",F,30886,30516,T,1.2,13892,13330,26.9508,82
"0609","Orangeville (Ont.)","Medium",F,30729,29110,F,5.6,11140,10911,31.1606,83
"1099","Timmins (Ont.)","Medium",F,30614,30253,T,1.2,13547,12966,16.9993,84
"0610","Orillia (Ont.)","Medium",F,30586,30259,F,1.1,13863,12980,28.6055,85
"1253","Walnut Grove (B.C.)","Small",F,27969,25683,F,8.9,10294,10061,17.8397,86
"0780","Spruce Grove (Alta.)","Small",F,27947,21092,T,32.5,10893,10367,22.4122,87
"0478","Lloydminster (Alta./Sask.)","Small",F,27804,24028,F,15.7,11453,10613,41.5251,88
"0009","Alma (Que.)","Small",F,26016,25394,F,2.4,11760,11398,41.0982,89
"0080","Bolton (Ont.)","Small",F,25954,26232,T,-1.1,8186,8094,11.1496,90
"0828","Saint-Georges (Que.)","Small",F,25703,24135,T,6.5,12641,11874,31.6368,91
"1067","Keswick - Elmhurst Beach (Ont.)","Small",F,25527,24502,T,4.2,9325,8957,20.0295,92
"1020","Stouffville (Ont.)","Small",F,24886,12411,T,100.5,8804,8495,14.8721,93
"0606","Okotoks (Alta.)","Small",F,24511,17150,T,42.9,8704,8423,19.2430,94
"0243","Duncan (B.C.)","Small",F,24479,23157,T,5.7,10830,10262,35.1538,95
"0626","Parksville (B.C.)","Small",F,24326,23740,T,2.5,12521,11494,36.3663,96
"0465","Leduc (Alta.)","Small",F,24279,16967,F,43.1,9789,9290,36.9692,97
"0965","Val-d'Or (Que.)","Small",F,23827,23640,T,0.8,11403,10888,21.6737,98
"0728","Rouyn-Noranda (Que.)","Small",F,23740,23433,T,1.3,11947,11318,37.2068,99
"1051","Buckingham (Que.)","Small",F,23589,21652,T,8.9,9838,9493,31.7354,100
"0098","Brockville (Ont.)","Small",F,23354,23620,F,-1.1,11120,10678,27.2420,101
"0748","Sept-Îles (Que.)","Small",F,23326,22837,F,2.1,10627,10025,19.6921,102
"0955","Truro (N.S.)","Small",F,23261,22376,F,4.0,11046,10288,44.7213,103
"0089","Bradford (Ont.)","Small",F,22378,19212,T,16.5,7888,7538,12.1536,104
"0619","Owen Sound (Ont.)","Small",F,22134,22208,T,-0.3,10275,9768,25.1565,105
"0379","Hudson (Que.)","Small",F,21091,19200,T,9.8,7453,7268,37.0368,106
"0929","Thetford Mines (Que.)","Small",F,20756,20784,T,-0.1,10242,9849,38.7138,107
"0970","Valley East (Ont.)","Small",F,20676,19655,F,5.2,7853,7531,56.0506,108
"0577","New Glasgow (N.S.)","Small",F,20609,20876,F,-1.3,9530,9011,39.5202,109
"1023","Whitehorse (Y.T.)","Small",F,20562,18141,T,13.3,8572,8264,38.4737,110
"0654","Port Alberni (B.C.)","Small",F,20503,20189,F,1.6,9619,9096,34.1319,111
"0472","Lindsay (Ont.)","Small",F,20354,19361,F,5.1,9386,8754,17.1367,112
"0495","Magog (Que.)","Small",F,20235,19106,T,5.9,10622,9579,22.7651,113
"0204","Corner Brook (N.L.)","Small",F,19759,19976,F,-1.1,8590,8257,22.2284,114
"0976","Varennes (Que.)","Small",F,19458,18385,T,5.8,7384,7304,6.7396,115
"0210","Cranbrook (B.C.)","Small",F,19364,18373,T,5.4,8531,8161,32.0611,116
"0278","Fergus (Ont.)","Small",F,19126,18349,T,4.2,7508,7360,15.0793,117
"0318","Glace Bay (N.S.)","Small",F,19076,19968,F,-4.5,8515,8032,35.1523,118
"0298","Fort St. John (B.C.)","Small",F,18699,17697,T,5.7,8270,7511,23.1141,119
"0190","Cobourg (Ont.)","Small",F,18519,18210,F,1.7,8541,8047,22.3720,120
"1044","Yellowknife (N.W.T.)","Small",F,18352,17863,F,2.7,6953,6625,13.0870,121
"0045","Bathurst (N.B.)","Small",F,17887,18154,F,-1.5,8827,8027,69.9953,122
"0594","North Battleford (Sask.)","Small",F,17595,16539,T,6.4,7746,7271,38.1392,123
"0198","Collingwood (Ont.)","Small",F,17233,15964,T,7.9,9589,7531,18.8464,124
"0123","Camrose (Alta.)","Small",F,17226,15605,T,10.4,7920,7438,26.2277,125
"0712","Rivière-du-Loup (Que.)","Small",F,17086,16129,F,5.9,8511,7887,17.7733,126
"0191","Cochrane (Alta.)","Small",F,16841,13491,T,24.8,6521,6241,19.5484,127
"0631","Pembroke (Ont.)","Small",F,16146,15555,F,3.8,7359,7023,17.5611,128
"1127","Les Coteaux (Que.)","Small",F,15847,13104,F,20.9,6438,6168,21.1979,129
"1045","Yorkton (Sask.)","Small",F,15795,15164,F,4.2,7226,6807,26.0184,130
"0922","Terrace (B.C.)","Small",F,15569,15415,F,1.0,6672,6240,36.4949,131
"1062","Fort Erie (Ont.)","Small",F,15568,15744,F,-1.1,7049,6450,26.3649,132
"0912","Swift Current (Sask.)","Small",F,15503,14946,F,3.7,7266,6786,24.0387,133
"0008","Alliston (Ont.)","Small",F,15379,12523,F,22.8,6298,6099,16.9020,134
"0939","Tillsonburg (Ont.)","Small",F,15301,14822,F,3.2,7072,6814,22.3350,135
"0781","Squamish (B.C.)","Small",F,15051,13148,T,14.5,6113,5703,16.8222,136
"0762","Simcoe (Ont.)","Small",F,14777,14522,F,1.8,6634,6378,26.1446,137
"0905","Summerside (P.E.I.)","Small",F,14751,14517,F,1.6,6620,6269,28.3748,138
"1368","Chestermere (Alta.)","Small",F,14363,9564,F,50.2,4703,4489,8.9096,139
"0408","Kentville (N.S.)","Small",F,14234,13552,F,5.0,6557,6300,33.3658,140
"0899","Strathroy (Ont.)","Small",F,14221,13541,F,5.0,5624,5480,15.3012,141
"0914","Sydney Mines (N.S.)","Small",F,14135,15315,T,-7.7,6205,5907,26.7528,142
"0423","L'Assomption (Que.)","Small",F,14113,12442,T,13.4,5825,5687,5.9882,143
"1072","Port-Alfred-Bagotville (Que.)","Small",F,13922,14018,F,-0.7,6401,6163,13.3763,144
"1258","Stony Plain (Alta.)","Small",F,13882,11355,F,22.3,5663,5293,17.6208,145
"0101","Brooks (Alta.)","Small",F,13818,12579,T,9.8,5555,5082,18.2328,146
"0330","Grand Centre (Alta.)","Small",F,13714,11855,F,15.7,5582,5109,29.2209,147
"0253","Edmundston (N.B.)","Small",F,13660,14110,F,-3.2,6850,6343,38.0685,148
"0687","Quesnel (B.C.)","Small",F,13566,12641,F,7.3,6122,5780,50.2542,149
"0887","Steinbach (Man.)","Small",F,13524,11066,F,22.2,5243,5098,25.5694,150
"0014","Amherstburg (Ont.)","Small",F,13330,13499,T,-1.3,5310,5151,15.5744,151
"1105","Chatham - Douglastown (N.B.)","Small",F,13307,13441,F,-1.0,6189,5767,49.9595,152
"1202","Beaumont (Alta.)","Small",F,13284,8961,F,48.2,4566,4369,10.5027,153
"0673","Powell River (B.C.)","Small",F,13175,12972,F,1.6,6205,5907,28.9474,154
"0669","Portage la Prairie (Man.)","Small",F,12996,12728,T,2.1,5649,5391,24.6737,155
"0373","High River (Alta.)","Small",F,12920,10716,T,20.6,5473,5261,14.2690,156
"0930","Thompson (Man.)","Small",F,12829,13446,F,-4.6,5391,4738,17.1772,157
"1218","Aldergrove (B.C.)","Small",F,12778,12363,F,3.4,4756,4515,15.3952,158
"0915","Sylvan Lake (Alta.)","Small",F,12762,10703,T,19.2,5922,4770,16.8354,159
"0332","Grand Falls-Windsor (N.L.)","Small",F,12714,12471,F,1.9,5731,5334,24.1302,160
"1015","Wetaskiwin (Alta.)","Small",F,12525,11689,T,7.2,5477,5131,18.2005,161
"1028","Williams Lake (B.C.)","Small",F,12408,12475,F,-0.5,5613,5144,40.3617,162
"1086","Petawawa (Ont.)","Small",F,12352,11002,T,12.3,4846,4634,13.7341,163
"0662","Port Hope (Ont.)","Small",F,12230,12356,F,-1.0,5320,5091,12.9701,164
"0898","Strathmore (Alta.)","Small",F,12216,10220,T,19.5,4893,4545,10.5671,165
"0231","Dolbeau (Que.)","Small",F,12195,12340,F,-1.2,5538,5390,15.9823,166
"0386","Ingersoll (Ont.)","Small",F,12146,11760,F,3.3,4998,4785,12.8962,167
"0365","Hawkesbury (Ont./Que.)","Small",F,12128,12267,F,-1.1,5994,5614,12.2716,168
"1035","Winkler (Man.)","Small",F,12005,10209,T,17.6,4265,4156,28.5714,169
"0578","New Hamburg (Ont.)","Small",F,11953,10315,T,15.9,4513,4397,11.1835,170
"0122","Campbellton (N.B./Que.)","Small",F,11902,11676,F,1.9,5606,5200,25.4066,171
"1284","Hauterive (Que.)","Small",F,11844,12160,F,-2.6,5496,5186,8.4222,172
"0680","Prince Rupert (B.C.)","Small",F,11838,12128,F,-2.4,5515,4709,7.6490,173
"0736","Salmon Arm (B.C.)","Small",F,11810,10791,F,9.4,5254,4981,15.2146,174
"0624","Paris (Ont.)","Small",F,11763,11177,F,5.2,4672,4541,14.3484,175
"0446","Lacombe (Alta.)","Small",F,11707,10752,T,8.9,4686,4413,20.8931,176
"0208","Cowansville (Que.)","Small",F,11615,11376,F,2.1,5429,5178,29.4229,177
"0217","Dawson Creek (B.C.)","Small",F,11583,10994,F,5.4,5406,4859,24.3658,178
"0963","Uxbridge (Ont.)","Small",F,11531,10175,F,13.3,4386,4251,19.3916,179
"0406","Kenora (Ont.)","Small",F,11306,11316,T,-0.1,5528,4994,30.8071,180
"0257","Elliot Lake (Ont.)","Small",F,11185,11420,F,-2.1,6050,5604,12.1196,181
"0515","Matane (Que.)","Small",F,11169,11420,F,-2.2,5757,5495,24.7946,182
"0444","Lachute (Que.)","Small",F,11163,10433,F,7.0,5317,5074,22.1867,183
"0719","Rockland (Ont.)","Small",F,11099,9210,F,20.5,4413,4356,8.0684,184
"0270","Estevan (Sask.)","Small",F,11054,10084,F,9.6,4789,4501,18.8452,185
"1331","Wasaga Beach (Ont.)","Small",F,11038,9895,T,11.6,6674,4637,13.6185,186
"1179","Sainte-Anne-des-Plaines (Que.)","Small",F,10890,10179,F,7.0,4018,3945,3.8247,187
"1075","Beamsville (Ont.)","Small",F,10679,9703,F,10.1,3931,3862,8.6931,188
"0046","Bay Roberts (N.L.)","Small",F,10638,10180,F,4.5,4494,4127,48.0399,189
"0125","Canmore (Alta.)","Small",F,10539,10884,F,-3.2,6270,4347,12.7084,190
"0574","Nelson (B.C.)","Small",F,10520,9529,F,10.4,5037,4755,12.3284,191
"1016","Weyburn (Sask.)","Small",F,10484,9433,F,11.1,4645,4480,18.4934,192
"0460","Lavaltrie (Que.)","Small",F,10436,9709,T,7.5,4065,3942,7.1106,193
"0882","Sainte-Marie (Que.)","Small",F,10401,9164,T,13.5,4664,4548,11.5631,194
"0311","Gander (N.L.)","Small",F,10234,9410,F,8.8,4424,4211,7.0553,195
"0999","Wallaceburg (Ont.)","Small",F,10163,10703,F,-5.0,4737,4467,9.9814,196
"0021","Arnprior (Ont.)","Small",F,10099,9076,F,11.3,4542,4402,18.0738,197
"0140","Carleton Place (Ont.)","Small",F,10013,9658,F,3.7,4361,4077,9.1511,198
"0114","Caledonia (Ont.)","Small",F,9999,10150,T,-1.5,3574,3522,6.8594,199
"0347","Haileybury (Ont.)","Small",F,9988,10282,T,-2.9,4589,4335,28.7088,200
"0745","Selkirk (Man.)","Small",F,9934,9553,F,4.0,4124,4023,24.9578,201
"0258","Elmira (Ont.)","Small",F,9931,8872,T,11.9,3713,3679,9.4589,202
"0036","Baie-Comeau (Que.)","Small",F,9917,10178,F,-2.6,4547,4330,11.2964,203
"0554","Morinville (Alta.)","Small",F,9849,8007,F,23.0,3672,3486,21.9241,204
"0012","Amherst (N.S.)","Small",F,9811,9598,T,2.2,4855,4446,12.1875,205
"0001","Acton (Ont.)","Small",F,9704,10172,T,-4.6,3645,3599,16.4017,206
"0374","Hinton (Alta.)","Small",F,9640,9738,F,-1.0,4143,3781,33.9307,207
"1022","Whitecourt (Alta.)","Small",F,9595,8971,F,7.0,3890,3626,13.7283,208
"0435","La Tuque (Que.)","Small",F,9506,9716,F,-2.2,4880,4535,25.8375,209
"0766","Smiths Falls (Ont.)","Small",F,9403,9566,T,-1.7,4565,4245,9.9494,210
"0015","Amos (Que.)","Small",F,9400,9499,T,-1.0,4488,4276,7.9074,211
"0546","Montmagny (Que.)","Small",F,9356,9347,F,0.1,4459,4353,8.3986,212
"0948","Trail (B.C.)","Small",F,9276,8956,T,3.6,4765,4384,20.2401,213
"0612","Oromocto (N.B.)","Small",F,9234,8706,F,6.1,3783,3559,22.7020,214
"0438","Labrador City (N.L.)","Small",F,9228,8979,F,2.8,3750,3592,24.3745,215
"0146","Castlegar (B.C.)","Small",F,8992,8402,T,7.0,4040,3858,21.8491,216
"0665","Port Perry (Ont.)","Small",F,8981,8499,F,5.7,3477,3407,7.4396,217
"0581","New Waterford (N.S.)","Small",F,8942,9661,F,-7.4,4102,3805,20.8122,218
"0088","Bracebridge (Ont.)","Small",F,8845,8847,F,0.0,4027,3763,12.1304,219
"0447","Ladysmith (B.C.)","Small",F,8841,8467,F,4.4,3990,3818,13.6484,220
"0018","Angus - Borden CFB-BFC (Ont.)","Small",F,8603,8615,F,-0.1,3372,3033,38.9070,221
"0254","Edson (Alta.)","Small",F,8475,8098,F,4.7,3701,3386,29.5825,222
"0715","Roberval (Que.)","Small",F,8440,8889,T,-5.1,3902,3770,4.1524,223
"0699","Renfrew (Ont.)","Small",F,8340,7953,F,4.9,4031,3830,12.9148,224
"0096","Bridgewater (N.S.)","Small",F,8310,8021,F,3.6,4027,3826,13.7919,225
"0215","Dauphin (Man.)","Small",F,8251,7906,F,4.4,4005,3783,12.6521,226
"0607","Olds (Alta.)","Small",F,8235,7253,T,13.5,3702,3400,14.8691,227
"0916","Taber (Alta.)","Small",F,8199,7677,F,6.8,3316,3120,15.2129,228
"0505","Marieville (Que.)","Small",F,8168,5735,T,42.4,3514,3430,4.4455,229
"0316","Gibsons (B.C.)","Small",F,8089,8023,T,0.8,3961,3562,11.2729,230
"0458","Laurentides (Que.)","Small",F,7906,5918,T,33.6,3219,3025,8.1024,231
"0387","Innisfail (Alta.)","Small",F,7876,7331,T,7.4,3323,3118,19.5343,232
"0290","Fort Frances (Ont.)","Small",F,7834,7972,F,-1.7,3714,3450,11.8512,233
"0553","Morden (Man.)","Small",F,7812,6571,F,18.9,3250,3171,16.3860,234
"1213","Martensville (Sask.)","Small",F,7716,4978,T,55.0,2657,2611,6.2262,235
"1309","Whistler (B.C.)","Small",F,7699,7796,T,-1.2,7716,3006,12.9368,236
"0400","Kapuskasing (Ont.)","Small",F,7638,7915,F,-3.5,3796,3495,17.5068,237
"0040","Banff (Alta.)","Small",F,7584,6700,F,13.2,2850,2565,4.8771,238
"0659","Port Elgin (Ont.)","Small",F,7555,6880,T,9.8,3727,3181,7.2532,239
"0324","Goderich (Ont.)","Small",F,7521,7563,F,-0.6,3533,3375,7.9104,240
"0188","Coaldale (Alta.)","Small",F,7493,6177,F,21.3,2844,2751,7.9478,241
"0352","Hanover (Ont.)","Small",F,7490,7147,F,4.8,3353,3163,9.8061,242
"1063","Crystal Beach (Ont.)","Small",F,7421,7591,T,-2.2,4444,3253,11.6968,243
"0424","L'Épiphanie (Que.)","Small",F,7380,6454,T,14.3,2938,2794,18.0370,244
"0233","Donnacona (Que.)","Small",F,7342,6391,F,14.9,3453,3341,9.4798,245
"0136","Carbonear (N.L.)","Small",F,7337,7199,F,1.9,3216,2964,25.5586,246
"0418","Kirkland Lake (Ont.)","Small",F,7334,7448,F,-1.5,3867,3435,8.9074,247
"0023","Asbestos (Que.)","Small",F,7312,7017,F,4.2,3554,3329,30.0055,248
"1300","Sechelt (B.C.)","Small",F,7251,6773,T,7.1,3633,3350,18.1128,249
"0030","Aylmer (Ont.)","Small",F,7249,7163,F,1.2,2917,2813,6.2252,250
"0569","Napanee (Ont.)","Small",F,7221,7060,F,2.3,3368,3225,8.0414,251
"0383","Huntsville (Ont.)","Small",F,7197,6854,F,5.0,3378,3058,13.7760,252
"0529","Merritt (B.C.)","Small",F,7189,7148,F,0.6,3141,2929,25.0337,253
"0823","Saint-Félicien (Que.)","Small",F,7165,7398,F,-3.1,3241,3123,11.2802,254
"1100","Porcupine (Ont.)","Small",F,7163,7031,F,1.9,2851,2773,14.6069,255
"1098","Sooke (B.C.)","Small",F,7136,6174,T,15.6,3156,2842,8.5223,256
"0268","Essex (Ont.)","Small",F,7127,7105,F,0.3,3004,2915,5.5325,257
"0189","Coaticook (Que.)","Small",F,7123,6840,F,4.1,3245,3172,12.9280,258
"1137","Warman (Sask.)","Small",F,7084,4769,T,48.5,2475,2395,8.5381,259
"0237","Drayton Valley (Alta.)","Small",F,7049,6893,F,2.3,2899,2740,12.2731,260
"0420","Kitimat (B.C.)","Small",F,7046,7600,F,-7.3,3646,3080,10.1313,261
"0651","Plessisville (Que.)","Small",F,6964,6975,F,-0.2,3240,3192,4.5822,262
"0175","Chibougamau (Que.)","Small",F,6948,7014,F,-0.9,3191,2989,5.2835,263
"0720","Rocky Mountain House (Alta.)","Small",F,6933,6874,F,0.9,2800,2651,12.9928,264
"1102","Lively (Ont.)","Small",F,6922,6689,F,3.5,2751,2697,19.7248,265
"0474","Listowel (Ont.)","Small",F,6867,6303,F,8.9,2975,2826,6.8269,266
"0764","Slave Lake (Alta.)","Small",F,6792,6703,F,1.3,2558,2298,14.4333,267
"0652","Ponoka (Alta.)","Small",F,6773,6591,F,2.8,3048,2786,13.0605,268
"0700","Revelstoke (B.C.)","Small",F,6772,6869,F,-1.4,3231,2938,20.8314,269
"1043","Yarmouth (N.S.)","Small",F,6761,7162,F,-5.6,3539,3144,10.5591,270
"0434","La Sarre (Que.)","Small",F,6741,6368,F,5.9,3219,3133,14.1064,271
"0412","Kincardine (Ont.)","Small",F,6725,6449,F,4.3,3349,2951,9.9892,272
"0239","Drumheller (Alta.)","Small",F,6723,6544,F,2.7,3041,2853,11.0808,273
"0411","Kimberley (B.C.)","Small",F,6723,6199,T,8.5,3454,2979,60.7248,273
"1117","Summerland (B.C.)","Small",F,6704,6345,T,5.7,3104,2905,6.7806,275
"0901","Sturgeon Falls (Ont.)","Small",F,6672,6383,F,4.5,3166,2964,5.8356,276
"0795","St. Marys (Ont.)","Small",F,6655,6617,F,0.6,2856,2731,12.4800,277
"0416","Kingston - Greenwood (N.S.)","Small",F,6595,6528,F,1.0,2865,2695,14.4975,278
"0863","Saint-Sauveur-des-Monts (Que.)","Small",F,6532,5833,T,12.0,4196,3402,7.7181,279
"0226","Devon (Alta.)","Small",F,6510,6261,T,4.0,2471,2387,11.7167,280
"0276","Farnham (Que.)","Small",F,6442,6132,T,5.1,3075,2866,8.8546,281
"0354","Happy Valley-Goose Bay (N.L.)","Small",F,6427,6588,T,-2.4,2588,2438,15.3274,282
"0888","Stephenville (N.L.)","Small",F,6416,6294,F,1.9,3020,2904,12.3918,283
"0658","Port Dover (Ont.)","Small",F,6387,5949,F,7.4,3197,2888,9.1453,284
"0260","Embrun (Ont.)","Small",F,6380,5655,F,12.8,2267,2227,9.0526,285
"1173","Blackfalds (Alta.)","Small",F,6300,4618,T,36.4,2458,2250,16.3628,286
"1262","Duck Lake (B.C.)","Small",F,6281,5643,F,11.3,3221,2623,42.3103,287
"0241","Dryden (Ont.)","Small",F,6267,6613,F,-5.2,2853,2696,15.4408,288
"0306","Iqaluit (Nvt.)","Small",F,6254,4796,T,30.4,2715,2216,5.8674,289
"0875","Sainte-Agathe-des-Monts (Que.)","Small",F,6226,6207,F,0.3,3556,2950,15.9007,290
"0541","Mont-Laurier (Que.)","Small",F,6216,6076,T,2.3,3276,3135,5.1401,291
"0083","Bonnyville (Alta.)","Small",F,6216,5832,F,6.6,2482,2324,14.1036,291
"0634","Perth (Ont.)","Small",F,6211,6090,T,2.0,3136,2951,12.4616,293
"0653","Pont-Rouge (Que.)","Small",F,6197,5164,T,20.0,2532,2464,13.1309,294
"0628","Parry Sound (Ont.)","Small",F,6196,5828,F,6.3,3042,2844,13.3813,295
"1363","Saint-Augustin (Que.)","Small",F,6190,5831,T,6.2,2304,2238,2.3328,296
"0753","Shediac (N.B.)","Small",F,6129,5554,T,10.4,2792,2592,12.6010,297
"0540","Mont-Joli (Que.)","Small",F,6077,5999,T,1.3,2852,2779,10.2116,298
"0908","Sutton (Ont.)","Small",F,5938,6022,F,-1.4,2662,2382,13.0297,299
"0339","Gravenhurst (Ont.)","Small",F,5935,5606,F,5.9,2907,2596,10.7341,300
"0097","Brighton (Ont.)","Small",F,5935,5338,F,11.2,2853,2697,12.4735,300
"0996","Wainwright (Alta.)","Small",F,5925,5426,F,9.2,2577,2384,8.9050,302
"0050","Beaupré (Que.)","Small",F,5922,5560,T,6.5,2813,2561,15.0132,303
"1188","La Ronge (Sask.)","Small",F,5905,5962,F,-1.0,1922,1751,28.0226,304
"0755","Shelburne (Ont.)","Small",F,5846,5149,F,13.5,2164,2091,6.4448,305
"0907","Sussex (N.B.)","Small",F,5812,5654,F,2.8,2743,2595,18.4662,306
"0246","Dunnville (Ont.)","Small",F,5789,5729,F,1.0,2652,2502,7.6547,307
"0890","Stettler (Alta.)","Small",F,5779,5445,T,6.1,2545,2359,13.1331,308
"0980","Vegreville (Alta.)","Small",F,5717,5519,F,3.6,2680,2429,13.9330,309
"0331","Grand Falls / Grand-Sault (N.B.)","Small",F,5706,5650,F,1.0,2697,2571,18.0640,310
"0927","The Pas (Man.)","Small",F,5689,5765,F,-1.3,2394,2256,14.1476,311
"0668","Port-Cartier (Que.)","Small",F,5687,5523,F,3.0,2593,2448,5.1649,312
"0381","Humboldt (Sask.)","Small",F,5678,4998,F,13.6,2567,2448,13.4581,313
"0485","Louiseville (Que.)","Small",F,5646,5583,F,1.1,2839,2765,4.4237,314
"0282","Flin Flon (Man./Sask.)","Small",F,5592,5836,F,-4.2,2739,2436,16.2536,315
"0524","Melfort (Sask.)","Small",F,5576,5192,F,7.4,2464,2379,14.7795,316
"0639","Petrolia (Ont.)","Small",F,5528,5222,T,5.9,2223,2152,12.6837,317
"0765","Smithers (B.C.)","Small",F,5473,5257,T,4.1,2290,2216,15.3644,318
"0796","St. Paul (Alta.)","Small",F,5400,5106,F,5.8,2338,2169,7.8869,319
"0212","Creston (B.C.)","Small",F,5379,4944,F,8.8,2721,2504,8.7220,320
"0874","Sainte-Adèle (Que.)","Small",F,5372,5022,F,7.0,3207,2638,12.0593,321
"1033","Windsor (Que.)","Small",F,5367,5239,T,2.4,2409,2355,14.2936,322
"0002","Acton Vale (Que.)","Small",F,5293,5236,F,1.1,2404,2318,5.4619,323
"1038","Woodstock (N.B.)","Small",F,5264,5146,F,2.3,2494,2303,13.4243,324
"1270","Saint-Canut (Que.)","Small",F,5218,4411,T,18.3,1953,1894,2.3782,325
"0310","Gananoque (Ont.)","Small",F,5194,5285,F,-1.7,2493,2346,7.0112,326
"0608","Oliver (B.C.)","Small",F,5175,4754,T,8.9,2488,2337,5.9665,327
"0692","Rawdon (Que.)","Small",F,5172,4970,T,4.1,2513,2285,10.5490,328
"0587","Nicolet (Que.)","Small",F,5112,5180,F,-1.3,2251,2182,5.9560,329
"0019","Antigonish (N.S.)","Small",F,5084,4712,T,7.9,2879,2268,6.0094,330
"0521","Meadow Lake (Sask.)","Small",F,5045,4771,F,5.7,2042,1847,7.9547,331
"0861","Saint-Rémi (Que.)","Small",F,5001,4019,F,24.4,2166,2096,2.7889,332
"0522","Meaford (Ont.)","Small",F,4992,4686,F,6.5,2373,2197,7.1722,333
"0998","Walkerton (Ont.)","Small",F,4967,4905,F,1.3,2198,2088,8.7416,334
"0227","Didsbury (Alta.)","Small",F,4876,4275,F,14.1,1952,1891,5.4671,335
"0847","Saint-Jovite (Que.)","Small",F,4869,4474,T,8.8,2715,2358,7.8358,336
"0615","Osoyoos (B.C.)","Small",F,4855,4752,F,2.2,2966,2261,8.5598,337
"0020","Armstrong (B.C.)","Small",F,4830,4258,F,13.4,2076,1994,5.1977,338
"1012","Westlock (Alta.)","Small",F,4823,5008,F,-3.7,2212,2038,13.5728,339
"0798","St. Stephen (N.B.)","Small",F,4817,4780,F,0.8,2256,2149,13.4544,340
"0280","Fernie (B.C.)","Small",F,4811,4621,F,4.1,3033,2149,15.6744,341
"0272","Exeter (Ont.)","Small",F,4785,4657,F,2.7,2168,2053,5.3319,342
"0558","Mount Forest (Ont.)","Small",F,4757,4490,F,5.9,2305,2073,8.2823,343
"0010","Almonte (Ont.)","Small",F,4752,4538,F,4.7,2029,1991,4.4107,344
"0945","Tottenham (Ont.)","Small",F,4720,4839,F,-2.5,1751,1694,2.8258,345
"0938","Tilbury (Ont.)","Small",F,4700,4809,F,-2.3,1944,1853,5.6198,346
"0413","Kindersley (Sask.)","Small",F,4678,4412,F,6.0,2083,1993,12.5476,347
"0981","Verchères (Que.)","Small",F,4619,3909,T,18.2,1943,1874,5.8634,348
"0443","Lac-Mégantic (Que.)","Small",F,4607,4654,T,-1.0,2412,2247,8.9910,349
"0201","Contrecoeur (Que.)","Small",F,4604,4032,F,14.2,2212,2007,5.8473,350
"0075","Blenheim (Ont.)","Small",F,4563,4549,F,0.3,2005,1912,4.4506,351
"0016","Amqui (Que.)","Small",F,4557,4519,F,0.8,2138,2090,5.2197,352
"1139","Black Diamond (Alta.)","Small",F,4545,3813,F,19.2,1938,1836,9.6260,353
"0894","Stonewall (Man.)","Small",F,4536,4376,F,3.7,1747,1715,6.0184,354
"0037","Baie-Saint-Paul (Que.)","Small",F,4535,4563,T,-0.6,2173,2043,5.9946,355
"1178","Goulds (N.L.)","Small",F,4525,4587,F,-1.4,1623,1611,6.0836,356
"0527","Melville (Sask.)","Small",F,4517,4149,F,8.9,2114,1997,14.8193,357
"0067","Berthierville (Que.)","Small",F,4501,4391,F,2.5,2159,2075,7.2535,358
"0767","Smithville (Ont.)","Small",F,4491,4122,T,9.0,1612,1566,4.7544,359
"0641","Picton (Ont.)","Small",F,4487,4375,F,2.6,2435,2158,5.0450,360
"0538","Mitchell (Ont.)","Small",F,4448,4260,T,4.4,1782,1738,5.7876,361
"1222","Dallas (B.C.)","Small",F,4445,4348,F,2.2,1642,1600,6.5024,362
"0042","Barrhead (Alta.)","Small",F,4432,4209,F,5.3,1932,1805,8.0992,363
"0182","Clarenville-Shoal Harbour (N.L.)","Small",F,4406,3873,F,13.8,1937,1778,10.4070,364
"0876","Sainte-Anne-des-Monts (Que.)","Small",F,4388,4537,T,-3.3,2132,2031,12.7709,365
"1004","Waterloo (Que.)","Small",F,4382,4112,F,6.6,2086,1955,12.3590,366
"0031","Ayr (Ont.)","Small",F,4380,4158,T,5.3,1511,1491,6.5008,367
"0588","Nipawin (Sask.)","Small",F,4330,4153,F,4.3,2039,1965,8.8179,368
"0675","Prescott (Ont.)","Small",F,4284,4180,F,2.5,2063,1944,4.9508,369
"0134","Caraquet (N.B.)","Small",F,4276,4338,F,-1.4,1986,1890,16.8841,370
"0333","Grand Forks (B.C.)","Small",F,4274,4237,T,0.9,2049,1961,10.7533,371
"1037","Wolfville (N.S.)","Small",F,4269,3772,F,13.2,2463,1985,6.4520,372
"0629","Peace River (Alta.)","Small",F,4252,4430,T,-4.0,1975,1741,7.9296,373
"0376","Hope (B.C.)","Small",F,4234,4455,F,-5.0,2015,1862,7.0833,374
"0267","Espanola (Ont.)","Small",F,4199,4334,F,-3.1,1910,1819,5.7470,375
"0509","Marystown (N.L.)","Small",F,4181,4026,T,3.8,1892,1685,14.3428,376
"0221","Delhi (Ont.)","Small",F,4172,4103,T,1.7,1885,1802,2.9686,377
"0430","La Malbaie (Que.)","Small",F,4147,4528,F,-8.4,2210,1961,9.4791,378
"0871","Stayner (Ont.)","Small",F,4126,3913,F,5.4,1638,1540,4.7438,379
"0011","Altona (Man.)","Small",F,4123,3746,F,10.1,1638,1608,9.4588,380
"0335","Grande Cache (Alta.)","Small",F,4103,3690,F,11.2,1680,1499,4.9924,381
"1030","Windsor (N.S.)","Small",F,4095,3986,F,2.7,1802,1730,9.6408,382
"0218","Deep River (Ont.)","Small",F,4086,4091,F,-0.1,1894,1811,7.7102,383
"0682","Princeville (Que.)","Small",F,4079,3907,F,4.4,1834,1778,4.4358,384
"0500","Maniwaki (Que.)","Small",F,4034,4177,F,-3.4,2167,1973,5.9144,385
"0219","Deer Lake (N.L.)","Small",F,3977,3971,F,0.2,1703,1610,7.9875,386
"0192","Cochrane (Ont.)","Small",F,3976,4072,F,-2.4,1765,1698,7.7960,387
"0367","Hearst (Ont.)","Small",F,3968,4381,T,-9.4,1931,1802,5.8665,388
"0432","La Pocatière (Que.)","Small",F,3948,4218,F,-6.4,1963,1728,4.8571,389
"0982","Vermilion (Alta.)","Small",F,3930,4036,F,-2.6,1845,1651,13.6944,390
"1272","Mount Albert (Ont.)","Small",F,3915,2690,T,45.5,1404,1364,3.3470,391
"0911","Swan River (Man.)","Small",F,3907,3869,T,1.0,1860,1785,6.8862,392
"0293","Fort Nelson (B.C.)","Small",F,3902,4514,F,-13.6,1804,1585,13.7656,393
"1344","Enfield (N.S.)","Small",F,3892,3415,F,14.0,1541,1464,4.5304,394
"1209","Rockwood (Ont.)","Small",F,3869,3866,T,0.1,1428,1392,3.1452,395
"0779","Springhill (N.S.)","Small",F,3868,3941,F,-1.9,1718,1550,11.1526,396
"1083","Mississauga Beach (Ont.)","Small",F,3854,3862,F,-0.2,2009,1665,4.6868,397
"0811","Saint-Césaire (Que.)","Small",F,3812,3346,F,13.9,1694,1653,3.6438,398
"0058","Beeton (Ont.)","Small",F,3806,3887,F,-2.1,1339,1328,2.1312,399
"0704","Richmond (Ont.)","Small",F,3797,3301,F,15.0,1358,1347,5.2991,400
"0155","Channel-Port aux Basques (N.L.)","Small",F,3794,4113,F,-7.8,1763,1684,5.7086,401
"0570","Napierville (Que.)","Small",F,3784,3496,F,8.2,1592,1536,4.5570,402
"1306","Russell (Ont.)","Small",F,3759,3530,F,6.5,1322,1316,3.7352,403
"0183","Claresholm (Alta.)","Small",F,3758,3700,F,1.6,1756,1635,9.0764,404
"0250","East Angus (Que.)","Small",F,3751,3362,F,11.6,1580,1556,7.9207,405
"0693","Raymond (Alta.)","Small",F,3743,3225,T,16.1,1235,1165,6.8540,406
"0883","Sainte-Martine (Que.)","Small",F,3711,3023,F,22.8,1624,1586,3.5620,407
"0326","Golden (B.C.)","Small",F,3701,3811,F,-2.9,1722,1539,11.4105,408
"0047","Beauceville (Que.)","Small",F,3700,3795,F,-2.5,1790,1691,6.6667,409
"0646","Pincher Creek (Alta.)","Small",F,3685,3625,F,1.7,1581,1500,10.1907,410
"0144","Casselman (Ont.)","Small",F,3642,3280,T,11.0,1500,1438,5.1977,411
"0371","High Level (Alta.)","Small",F,3641,3887,F,-6.3,1463,1272,31.9896,412
"1334","Lac-Alouette (Que.)","Small",F,3637,3024,T,20.3,1452,1386,4.8130,413
"0307","Fruitvale (B.C.)","Small",F,3628,3627,F,0.0,1557,1489,6.0081,414
"0392","Iroquois Falls (Ont.)","Small",F,3617,3656,F,-1.1,1643,1591,9.0317,415
"1404","Binbrook (Ont.)","Small",F,3614,955,T,278.4,1314,1294,0.9749,416
"1071","Nobleton (Ont.)","Small",F,3582,3513,F,2.0,1167,1138,16.5109,417
"0138","Cardston (Alta.)","Small",F,3580,3452,F,3.7,1322,1208,8.6445,418
"1267","Lake Echo (N.S.)","Small",F,3562,3467,T,2.7,1406,1373,8.8364,419
"1174","Jasper (Alta.)","Small",F,3560,3673,F,-3.1,1459,1307,5.4117,420
"1349","Shawnigan (B.C.)","Small",F,3543,3586,T,-1.2,1372,1270,6.0099,421
"1133","Niverville (Man.)","Small",F,3540,2464,F,43.7,1203,1148,8.7866,422
"0077","Bobcaygeon (Ont.)","Small",F,3533,3313,F,6.6,1876,1696,5.4752,423
"0405","Kemptville (Ont.)","Small",F,3532,3539,F,-0.2,1556,1502,3.2125,424
"1087","Port Hardy (B.C.)","Small",F,3515,3290,T,6.8,1659,1419,6.7344,425
"0859","Saint-Raymond (Que.)","Small",F,3502,3445,F,1.7,1611,1584,6.0882,426
"0121","Campbellford (Ont.)","Small",F,3493,3183,T,9.7,1625,1525,3.7834,427
"1257","Rossland (B.C.)","Small",F,3491,3207,F,8.9,1609,1440,8.3600,428
"0952","Trois-Pistoles (Que.)","Small",F,3466,3505,F,-1.1,1763,1620,7.6790,429
"0776","Sparwood (B.C.)","Small",F,3460,3358,F,3.0,1821,1491,12.8287,430
"1140","Carstairs (Alta.)","Small",F,3442,2699,T,27.5,1397,1311,11.5342,431
"1176","Southampton (Ont.)","Small",F,3440,3390,F,1.5,2443,1603,7.4281,432
"0642","Pictou (N.S.)","Small",F,3437,3813,F,-9.9,1580,1483,7.9399,433
"0844","Saint-Joseph-de-Beauce (Que.)","Small",F,3434,3342,F,2.8,1528,1496,4.6117,434
"1367","Langdon (Alta.)","Small",F,3403,2380,F,43.0,1071,1048,1.9430,435
"0388","Inuvik (N.W.T.)","Small",F,3403,3479,F,-2.2,1529,1264,5.8530,435
"0213","Cumberland (B.C.)","Small",F,3381,2737,F,23.5,1446,1396,7.4612,437
"0661","Port Hawkesbury (N.S.)","Small",F,3366,3517,F,-4.3,1562,1415,8.1141,438
"0504","Marathon (Ont.)","Small",F,3333,3843,F,-13.3,1644,1406,5.2944,439
"0082","Bonavista (N.L.)","Small",F,3319,3535,F,-6.1,1562,1404,4.3652,440
"1000","Warwick (Que.)","Small",F,3305,3352,F,-1.4,1435,1407,3.7118,441
"0493","Mackenzie (B.C.)","Small",F,3300,4316,F,-23.5,1803,1432,6.2251,442
"0705","Richmond (Que.)","Small",F,3295,3356,F,-1.8,1623,1551,7.1377,443
"0133","Capreol (Ont.)","Small",F,3276,3399,F,-3.6,1418,1381,6.0925,444
"0072","Bishop's Falls (N.L.)","Small",F,3262,3326,F,-1.9,1401,1347,7.8310,445
"1064","Gaspé (Que.)","Small",F,3241,3187,F,1.7,1500,1440,6.5601,446
"0498","Malartic (Que.)","Small",F,3223,3457,F,-6.8,1445,1390,2.4917,447
"0006","Alexandria (Ont.)","Small",F,3209,3287,F,-2.4,1521,1464,4.1540,448
"0934","Three Hills (Alta.)","Small",F,3198,3160,F,1.2,1257,1178,5.8049,449
"0943","Tisdale (Sask.)","Small",F,3185,3000,T,6.2,1511,1462,6.5218,450
"1325","Kent (B.C.)","Small",F,3182,2908,F,9.4,1427,1384,2.5796,451
"0572","Neepawa (Man.)","Small",F,3174,2980,F,6.5,1372,1315,4.1980,452
"0274","Fairview (Alta.)","Small",F,3162,3297,F,-4.1,1322,1266,11.3027,453
"0449","Lake Cowichan (B.C.)","Small",F,3159,3082,T,2.5,1546,1408,8.6187,454
"0051","Beausejour (Man.)","Small",F,3126,2823,F,10.7,1470,1402,5.3487,455
"1315","St. George (Ont.)","Small",F,3124,2955,F,5.7,1147,1138,2.8451,456
"1003","Waterford (Ont.)","Small",F,3119,3174,T,-1.7,1355,1308,3.1174,457
"0706","Ridgetown (Ont.)","Small",F,3117,3240,F,-3.8,1416,1346,4.5227,458
"0187","Clinton (Ont.)","Small",F,3114,3082,F,1.0,1443,1383,4.2151,459
"0991","Virden (Man.)","Small",F,3114,3010,F,3.5,1446,1375,8.5648,459
"1328","White City (Sask.)","Small",F,3098,1910,T,62.2,988,978,7.5379,461
"0763","Sioux Lookout (Ont.)","Small",F,3047,3071,F,-0.8,1256,1158,6.7682,462
"0469","Lewisporte (N.L.)","Small",F,3047,2846,F,7.1,1300,1251,7.6317,462
"0169","Chemainus (B.C.)","Small",F,3035,2937,F,3.3,1554,1479,4.0192,464
"1141","Gibbons (Alta.)","Small",F,3030,2642,F,14.7,1111,1075,7.3922,465
"0142","Carman (Man.)","Small",F,3027,2781,T,8.8,1415,1367,4.3098,466
"0291","Fort Macleod (Alta.)","Small",F,3021,2982,F,1.3,1317,1214,9.0462,467
"0084","Botwood (N.L.)","Small",F,3008,3052,F,-1.4,1326,1257,15.0469,468
"0186","Clermont (Que.)","Small",F,3007,2898,F,3.8,1391,1350,7.6395,469
"1311","Athabasca (Alta.)","Small",F,2990,2580,T,15.9,1283,1175,17.4768,470
"0364","Havre-Saint-Pierre (Que.)","Small",F,2987,2864,F,4.3,1257,1193,4.1951,471
"1299","Wellesley (Ont.)","Small",F,2976,2090,F,42.4,1035,1020,1.8646,472
"0286","Forestville (Que.)","Small",F,2957,3145,F,-6.0,1426,1367,7.6064,473
"0389","Invermere (B.C.)","Small",F,2955,3002,F,-1.6,1912,1219,10.7333,474
"0707","Rigaud (Que.)","Small",F,2952,2728,F,8.2,1332,1290,3.9018,475
"1365","Oakbank (Man.)","Small",F,2944,2427,T,21.3,977,954,3.3613,476
"0262","Enderby (B.C.)","Small",F,2932,2843,F,3.1,1454,1347,4.2933,477
"0825","Saint-Gabriel (Que.)","Small",F,2925,2922,F,0.1,1631,1386,2.9093,478
"1017","Wheatley (Ont.)","Small",F,2925,2322,T,26.0,1114,1041,3.9382,478
"0830","Saint-Germain-de-Grantham (Que.)","Small",F,2919,2435,F,19.9,1192,1155,2.6437,480
"0368","Saint-Bruno (Que.)","Small",F,2916,2696,F,8.2,1200,1189,7.8596,481
"0053","Beaverton (Ont.)","Small",F,2915,2970,F,-1.9,1386,1247,5.9661,482
"0778","Springdale (N.L.)","Small",F,2907,2764,F,5.2,1268,1202,17.5983,483
"0285","Forest (Ont.)","Small",F,2876,2899,F,-0.8,1274,1232,5.2648,484
"1034","Wingham (Ont.)","Small",F,2875,2923,F,-1.6,1396,1269,2.5716,485
"1061","Fermont (Que.)","Small",F,2874,2623,F,9.6,1389,1221,5.2517,486
"0350","Hampton (N.B.)","Small",F,2865,2756,F,4.0,1128,1098,9.3646,487
"0746","Senneterre (Que.)","Small",F,2860,2872,F,-0.4,1358,1291,11.3992,488
"0247","Dunville (N.L.)","Small",F,2853,3133,F,-8.9,1391,1242,10.1801,489
"1216","Crossfield (Alta.)","Small",F,2853,2668,T,6.9,1090,1018,11.8736,489
"0732","Sackville (N.B.)","Small",F,2848,2525,T,12.8,1627,1264,4.2166,491
"1269","Vineland (Ont.)","Small",F,2834,2817,F,0.6,1167,1141,2.8124,492
"0248","Durham (Ont.)","Small",F,2823,2768,F,2.0,1244,1196,4.3680,493
"0366","Hay River (N.W.T.)","Small",F,2806,2874,F,-2.4,1240,1082,3.5909,494
"0824","Saint-Félix-de-Valois (Que.)","Small",F,2788,2451,F,13.7,1209,1178,3.9799,495
"0919","Tavistock (Ont.)","Small",F,2784,2659,F,4.7,1046,1020,2.7344,496
"0855","Saint-Pie (Que.)","Small",F,2779,2639,T,5.3,1175,1131,2.6549,497
"0450","Lakefield (Ont.)","Small",F,2758,2739,F,0.7,1248,1207,2.8589,498
"0209","Crabtree (Que.)","Small",F,2757,2352,F,17.2,1190,1136,2.1280,499
"0556","Morrisburg (Ont.)","Small",F,2756,2725,F,1.1,1210,1170,6.4106,500
"0214","Dalhousie (N.B.)","Small",F,2750,2862,T,-3.9,1440,1293,3.2642,501
"0028","Atikokan (Ont.)","Small",F,2730,3230,F,-15.5,1429,1243,14.8861,502
"0681","Princeton (B.C.)","Small",F,2724,2780,T,-2.0,1505,1305,10.4717,503
"0670","Portneuf (Que.)","Small",F,2716,2676,F,1.5,1356,1273,11.3667,504
"0360","Harrow (Ont.)","Small",F,2713,2913,F,-6.9,1093,1043,2.8716,505
"0599","Norwich (Ont.)","Small",F,2707,2478,F,9.2,1036,1008,2.6533,506
"1423","Pelican Narrows (Sask.)","Small",F,2703,1941,T,39.3,520,463,9.1626,507
"1240","Tumbler Ridge (B.C.)","Small",F,2700,2444,F,10.5,1505,1153,3.6131,508
"0056","Bedford (Que.)","Small",F,2684,2612,F,2.8,1276,1210,4.1979,509
"0946","Tracadie-Sheila (N.B.)","Small",F,2679,2423,T,10.6,1255,1165,4.4853,510
"0265","Erin (Ont.)","Small",F,2674,2831,F,-5.5,1031,986,4.7699,511
"0351","Hanna (Alta.)","Small",F,2673,2847,F,-6.1,1317,1208,8.5567,512
"0372","High Prairie (Alta.)","Small",F,2666,2785,T,-4.3,1099,999,8.0091,513
"1340","Chisasibi (Que.)","Small",F,2659,2579,F,3.1,664,564,7.0003,514
"0477","Liverpool (N.S.)","Small",F,2653,2759,F,-3.8,1325,1218,3.4834,515
"0835","Saint-Jacques (Que.)","Small",F,2653,2292,F,15.8,1138,1096,6.3978,515
"1286","Laurier-Station (Que.)","Small",F,2644,2403,F,10.0,1091,1075,12.0245,517
"1203","Pasadena (N.L.)","Small",F,2636,2505,F,5.2,1106,1065,2.9890,518
"0394","Wawa (Ont.)","Small",F,2634,2968,F,-11.3,1311,1172,1.7775,519
"0744","Seaforth (Ont.)","Small",F,2627,2634,F,-0.3,1169,1134,2.8054,520
"0846","Saint-Joseph-de-Lanoraie (Que.)","Small",F,2611,2487,T,5.0,1148,1095,4.3726,521
"1164","Sundre (Alta.)","Small",F,2610,2540,T,2.8,1738,1144,11.2348,522
"0760","Shippagan (N.B.)","Small",F,2603,2754,F,-5.5,1199,1115,9.9396,523
"0989","Ville-Marie (Que.)","Small",F,2600,2701,F,-3.7,1241,1209,6.1308,524
"0622","Palmerston (Ont.)","Small",F,2599,2589,T,0.4,1052,1025,2.5287,525
"0382","Huntingdon (Que.)","Small",F,2594,2726,F,-4.8,1203,1145,2.7029,526
"0534","Minnedosa (Man.)","Small",F,2587,2474,F,4.6,1411,1189,15.2561,527
"0346","Hagersville (Ont.)","Small",F,2579,2527,F,2.1,1099,1058,3.1417,528
"1205","Brownsburg (Que.)","Small",F,2550,2415,F,5.6,1196,1133,8.3426,529
"0439","Lac la Biche (Alta.)","Small",F,2544,2758,F,-7.8,1047,938,6.1955,530
"0881","Sainte-Madeleine (Que.)","Small",F,2541,2346,F,8.3,1032,1015,5.4396,531
"0076","Blind River (Ont.)","Small",F,2540,2659,F,-4.5,1295,1168,13.0447,532
"1143","Elkford (B.C.)","Small",F,2518,2443,F,3.1,1430,1015,8.2803,533
"0342","Grimshaw (Alta.)","Small",F,2515,2537,F,-0.9,1093,984,7.2063,534
"1151","Jarvis (Ont.)","Small",F,2513,2417,F,4.0,931,906,10.1403,535
"0303","Frankford (Ont.)","Small",F,2507,2299,F,9.0,1080,1041,2.6419,536
"1190","Port McNeill (B.C.)","Small",F,2505,2623,F,-4.5,1106,1005,13.7676,537
"0069","Berwick (N.S.)","Small",F,2504,2524,F,-0.8,1052,1027,6.8022,538
"0230","Disraeli (Que.)","Small",F,2502,2564,F,-2.4,1280,1188,6.9106,539
"0644","Pierreville (Que.)","Small",F,2498,2611,T,-4.3,1253,1173,10.6876,540
"0161","Chase (B.C.)","Small",F,2495,2409,F,3.6,1236,1128,3.7662,541
"0551","Moosomin (Sask.)","Small",F,2485,2262,T,9.9,1168,1092,7.5868,542
"0299","Fort-Coulonge (Que.)","Small",F,2483,2419,F,2.6,1005,982,5.9246,543
"1029","Winchester (Ont.)","Small",F,2482,2240,F,10.8,1068,1058,2.3512,544
"0269","Esterhazy (Sask.)","Small",F,2472,2336,F,5.8,1202,1104,4.7456,545
"1121","Cornwall (P.E.I.)","Small",F,2470,2245,F,10.0,934,908,2.2243,546
"0936","Thurso (Que.)","Small",F,2455,2299,F,6.8,1075,1042,6.2659,547
"0154","Chandler (Que.)","Small",F,2454,2564,T,-4.3,1129,1107,3.6384,548
"1264","Osgoode (Ont.)","Small",F,2453,2552,F,-3.9,849,840,2.6463,549
"0854","Saint-Pascal (Que.)","Small",F,2447,2413,F,1.4,1092,1068,3.7413,550
"0238","Dresden (Ont.)","Small",F,2446,2496,F,-2.0,1045,1008,3.3081,551
"1219","Sicamous (B.C.)","Small",F,2441,2676,F,-8.8,1916,1119,12.7148,552
"1252","Lac-Lapierre (Que.)","Small",F,2438,2367,F,3.0,1051,992,3.2212,553
"0022","Arthur (Ont.)","Small",F,2421,2327,F,4.0,958,931,4.2943,554
"0025","Assiniboia (Sask.)","Small",F,2418,2305,F,4.9,1241,1147,3.7795,555
"1242","Sexsmith (Alta.)","Small",F,2393,1959,F,22.2,839,799,3.4250,556
"0110","Burns Lake (B.C.)","Small",F,2390,2778,F,-14.0,944,860,7.3487,557
"0960","Unity (Sask.)","Small",F,2389,2147,F,11.3,1119,1073,9.7654,558
"0708","Rimbey (Alta.)","Small",F,2378,2252,F,5.6,1081,983,11.3402,559
"1198","Penhold (Alta.)","Small",F,2375,1971,T,20.5,925,889,5.3334,560
"0259","Elmvale (Ont.)","Small",F,2369,2183,F,8.5,960,934,2.5101,561
"1351","Pemberton (B.C.)","Small",F,2369,2192,T,8.1,1111,979,10.8920,561
"0052","Beaverlodge (Alta.)","Small",F,2365,2264,F,4.5,981,892,5.5774,563
"1321","Constance Bay (Ont.)","Small",F,2364,2402,F,-1.6,1125,954,5.5619,564
"1255","Carlisle (Ont.)","Small",F,2363,2377,F,-0.6,785,776,5.9458,565
"1373","Lorette (Man.)","Small",F,2361,1848,T,27.8,801,777,3.1666,566
"1261","Saint-Sulpice (Que.)","Small",F,2358,2352,T,0.3,908,886,10.1169,567
"0329","Grand Bank (N.L.)","Small",F,2355,2518,F,-6.5,1143,1058,2.2990,568
"0786","St. Anthony (N.L.)","Small",F,2351,2442,F,-3.7,999,950,5.4180,569
"0968","Valcourt (Que.)","Small",F,2349,2349,F,0.0,1106,1045,5.0269,570
"0994","Wabana (N.L.)","Small",F,2346,2418,F,-3.0,1147,1059,14.4958,571
"0111","Cabano (Que.)","Small",F,2344,2322,F,0.9,1112,1058,4.1361,572
"1041","Wyoming (Ont.)","Small",F,2333,2080,F,12.2,942,913,5.0542,573
"0442","Lac-Etchemin (Que.)","Small",F,2332,2381,F,-2.1,1053,1004,5.2334,574
"0557","Mount Brydges (Ont.)","Small",F,2332,2340,F,-0.3,865,859,8.2017,574
"0857","Saint-Prosper (Que.)","Small",F,2330,2339,F,-0.4,977,958,3.2286,576
"1371","Virgil (Ont.)","Small",F,2325,1875,F,24.0,896,866,1.5890,577
"1357","Schomberg (Ont.)","Small",F,2321,1679,F,38.2,892,864,2.3053,578
"0724","Rosetown (Sask.)","Small",F,2317,2277,F,1.8,1121,1057,12.1416,579
"0490","Lunenburg (N.S.)","Small",F,2313,2317,F,-0.2,1155,1039,4.0095,580
"1318","Filion (Que.)","Small",F,2308,1854,F,24.5,877,862,1.5071,581
"1026","Wiarton (Ont.)","Small",F,2291,2322,F,-1.3,1100,1032,5.2550,582
"0297","Fort St. James (B.C.)","Small",F,2278,1876,T,21.4,990,879,10.4890,583
"1320","Rankin Inlet (Nvt.)","Small",F,2266,2358,F,-3.9,708,626,20.2407,584
"0866","Saint-Tite (Que.)","Small",F,2260,2306,F,-2.0,1184,1128,2.5809,585
"1333","Roxton Pond (Que.)","Small",F,2260,2097,T,7.8,957,900,3.1880,585
"0225","Deseronto (Ont.)","Small",F,2259,1824,F,23.8,924,878,3.3953,587
"0174","Chetwynd (B.C.)","Small",F,2255,2218,F,1.7,949,881,10.5795,588
"0932","Thornbury (Ont.)","Small",F,2253,2217,F,1.6,1409,1015,4.1921,589
"1338","Betsiamites (Que.)","Small",F,2251,1605,F,40.2,705,699,1.5373,590
"1221","Houston (B.C.)","Small",F,2246,2304,F,-2.5,1045,921,3.8625,591
"0800","Saint-Agapit (Que.)","Small",F,2240,1981,F,13.1,949,911,1.3564,592
"0666","Port Stanley (Ont.)","Small",F,2229,2454,F,-9.2,1350,1040,3.6290,593
"0251","East Broughton (Que.)","Small",F,2229,2351,F,-5.2,1007,973,8.7310,593
"0127","Canora (Sask.)","Small",F,2219,2013,F,10.2,1166,1046,7.3058,595
"0849","Saint-Marc-des-Carrières (Que.)","Small",F,2217,2201,F,0.7,1012,988,4.5763,596
"0496","Magrath (Alta.)","Small",F,2217,2081,F,6.5,748,684,4.9687,596
"1356","Caledon East (Ont.)","Small",F,2214,1950,F,13.5,735,729,2.3562,598
"0802","Saint-Ambroise (Que.)","Small",F,2210,2131,F,3.7,928,915,6.6259,599
"0735","Salisbury (N.B.)","Small",F,2208,2036,F,8.4,908,882,13.6819,600
"0618","Outlook (Sask.)","Small",F,2204,1938,F,13.7,1046,966,7.8346,601
"1408","Aldergrove East (B.C.)","Small",F,2203,1048,T,110.2,697,611,1.3042,602
"0410","Killarney (Man.)","Small",F,2197,2273,F,-3.3,1134,999,5.0989,603
"1165","Tofield (Alta.)","Small",F,2182,1876,F,16.3,878,844,8.1694,604
"0502","Maple Creek (Sask.)","Small",F,2176,2198,F,-1.0,1028,968,4.4221,605
"0892","Stirling (Ont.)","Small",F,2173,2139,F,1.6,895,876,3.7306,606
"0094","Bridgenorth - Chemong Park Area (Ont.)","Small",F,2167,2275,F,-4.7,988,862,7.0168,607
"0464","Lebel-sur-Quévillon (Que.)","Small",F,2159,2724,F,-20.7,1109,916,7.7003,608
"0229","Digby (N.S.)","Small",F,2152,2097,F,2.6,1117,1025,3.1392,609
"0071","Biggar (Sask.)","Small",F,2146,2003,F,7.1,1026,970,3.9704,610
"1147","Colchester (Ont.)","Small",F,2145,2811,T,-23.7,1220,917,3.7714,611
"0580","New Richmond (Que.)","Small",F,2133,2018,F,5.7,993,977,5.5177,612
"1138","Nanton (Alta.)","Small",F,2132,2055,F,3.7,957,905,4.8026,613
"0877","Sainte-Claire (Que.)","Small",F,2130,2015,F,5.7,959,925,2.3057,614
"0841","Métabetchouan (Que.)","Small",F,2118,2164,F,-2.1,925,872,1.7817,615
"0157","Chapleau (Ont.)","Small",F,2116,2354,F,-10.1,1046,906,14.2707,616
"0499","Manitouwadge (Ont.)","Small",F,2105,2290,F,-8.1,1129,945,4.7368,617
"1297","Grand Bend (Ont.)","Small",F,2102,2026,F,3.8,1827,1143,4.7362,618
"0805","Saint-Anselme (Que.)","Small",F,2097,1866,F,12.4,883,866,3.1767,619
"0797","Saint-Quentin (N.B.)","Small",F,2095,2250,F,-6.9,968,907,4.3041,620
"1201","Millet (Alta.)","Small",F,2092,2068,F,1.2,869,836,3.7445,621
"0321","Glencoe (Ont.)","Small",F,2086,2095,F,-0.4,934,901,2.9682,622
"0487","Lucan (Ont.)","Small",F,2076,1997,F,4.0,833,798,2.2386,623
"1433","Manawan (Que.)","Small",F,2073,1843,T,12.5,407,372,7.7366,624
"0831","Saint-Henri-de-Lévis (Que.)","Small",F,2071,1493,F,38.7,901,866,3.5703,625
"0193","Colborne (Ont.)","Small",F,2068,1992,F,3.8,926,866,5.2654,626
"0427","L'Orignal (Ont.)","Small",F,2068,2072,T,-0.2,900,838,6.0742,626
"0470","Lillooet (B.C.)","Small",F,2068,2111,F,-2.0,1060,952,7.6931,626
"0803","Saint-André-Avellin (Que.)","Small",F,2063,1865,F,10.6,925,877,2.9563,629
"0294","Fort Qu'Appelle (Sask.)","Small",F,2044,1919,T,6.5,930,891,5.6478,630
"0468","Onaping - Levack (Ont.)","Small",F,2042,2041,F,0.0,917,869,8.1257,631
"0683","Provost (Alta.)","Small",F,2041,2072,F,-1.5,839,777,4.9322,632
"0277","Fenelon Falls (Ont.)","Small",F,2040,2159,T,-5.5,1084,956,2.9218,633
"0516","Mattawa (Ont.)","Small",F,2033,2013,F,1.0,890,856,3.6639,634
"0086","Bow Island (Alta.)","Small",F,2025,1790,F,13.1,670,641,5.9199,635
"0170","Chesley (Ont.)","Small",F,2015,2010,F,0.2,926,856,2.9759,636
"0302","Saint-Apollinaire (Que.)","Small",F,2000,2193,T,-8.8,881,852,1.4267,637
"0054","Gentilly (Que.)","Small",F,1997,2027,F,-1.5,1037,986,4.5371,638
"0925","Thamesford (Ont.)","Small",F,1990,1904,F,4.5,788,761,3.9349,639
"0244","Dundalk (Ont.)","Small",F,1988,1971,F,0.9,815,760,2.0615,640
"1361","Les Cèdres (Que.)","Small",F,1986,1875,F,5.9,786,766,1.5353,641
"0359","Harriston (Ont.)","Small",F,1981,2108,F,-6.0,839,772,3.4983,642
"1144","Logan Lake (B.C.)","Small",F,1975,2072,F,-4.7,1039,927,4.9626,643
"1399","Domaine-Ouellet (Que.)","Small",F,1973,509,T,287.6,750,714,1.0785,644
"0591","Normandin (Que.)","Small",F,1970,2098,F,-6.1,935,903,1.9116,645
"1360","Calmar (Alta.)","Small",F,1970,1959,F,0.6,798,760,4.6491,645
"0301","Fox Creek (Alta.)","Small",F,1969,2278,F,-13.6,980,773,11.5437,647
"0832","Saint-Honoré (Que.)","Small",F,1966,1639,F,20.0,750,744,1.9192,648
"1249","Coalhurst (Alta.)","Small",F,1963,1523,F,28.9,786,716,2.3942,649
"1426","Factory Island (Ont.)","Small",F,1958,0,T,,657,562,3.5364,650
"0105","Bouctouche (N.B.)","Small",F,1956,1911,F,2.4,884,828,6.5371,651
"1386","Waskaganish (Que.)","Small",F,1955,1744,T,12.1,442,414,3.1466,652
"1313","Burford (Ont.)","Small",F,1952,1940,F,0.6,767,762,7.7554,653
"1336","Val-David (Que.)","Small",F,1920,1975,F,-2.8,1202,905,2.4927,654
"0317","Gimli (Man.)","Small",F,1916,1896,T,1.1,1253,929,2.2292,655
"0126","Cannington (Ont.)","Small",F,1916,2023,F,-5.3,753,702,2.5732,655
"1405","Mount Hope (Ont.)","Small",F,1904,1193,T,59.6,586,581,1.4385,657
"0801","Saint-Alexis-des-Monts (Que.)","Small",F,1904,1969,F,-3.3,1040,901,6.1224,657
"0149","Causapscal (Que.)","Small",F,1901,1867,F,1.8,948,891,10.7982,659
"0544","Montague (P.E.I.)","Small",F,1900,1812,F,4.9,889,844,3.0546,660
"0279","Ferme-Neuve (Que.)","Small",F,1897,1936,F,-2.0,867,827,3.0961,661
"0697","Redwater (Alta.)","Small",F,1895,2192,F,-13.5,832,767,7.9596,662
"0315","Geraldton (Ont.)","Small",F,1893,2012,F,-5.9,979,849,3.9104,663
"1245","St. Jacobs (Ont.)","Small",F,1891,1597,T,18.4,632,625,2.8062,664
"0840","Saint-Jean-Port-Joli (Que.)","Small",F,1890,1932,F,-2.2,914,867,4.7849,665
"0784","Saint Andrews (N.B.)","Small",F,1889,1798,F,5.1,1020,815,8.3494,666
"0625","Parkhill (Ont.)","Small",F,1885,1691,F,11.5,770,696,2.6475,667
"1347","La Crète (Alta.)","Small",F,1885,1488,T,26.7,660,638,3.2231,667
"1317","Drayton (Ont.)","Small",F,1880,1692,F,11.1,690,660,3.7837,669
"0421","L'Annonciation (Que.)","Small",F,1863,1636,F,13.9,890,840,10.6723,670
"1159","Wellington (Ont.)","Small",F,1860,1807,F,2.9,1008,898,6.9949,671
"1007","Watrous (Sask.)","Small",F,1857,1743,F,6.5,862,817,11.1711,672
"1211","Pilot Butte (Sask.)","Small",F,1848,1872,T,-1.3,624,622,5.0548,673
"1186","Danville (Que.)","Small",F,1847,1778,T,3.9,888,843,2.3984,674
"1354","Hammonds Plains Road (N.S.)","Small",F,1840,3124,T,-41.1,607,597,3.2344,675
"1239","Belmont (Ont.)","Small",F,1840,1885,F,-2.4,666,657,5.6699,675
"0771","Souris (Man.)","Small",F,1837,1772,F,3.7,871,820,3.6414,677
"0993","Vulcan (Alta.)","Small",F,1836,1940,F,-5.4,865,768,6.5807,678
"0975","Vankleek Hill (Ont.)","Small",F,1833,1877,F,-2.3,892,824,2.6442,679
"0398","Kamsack (Sask.)","Small",F,1825,1713,F,6.5,949,811,5.8534,680
"0220","Dégelis (Que.)","Small",F,1817,1896,F,-4.2,904,853,2.0636,681
"0385","Indian Head (Sask.)","Small",F,1815,1634,F,11.1,809,758,3.1727,682
"1379","Stanley 157 (Sask.)","Small",F,1812,1550,F,16.9,454,416,3.2271,683
"1393","Arviat (Nvt.)","Small",F,1810,1785,F,1.4,413,382,0.7376,684
"0555","Morris (Man.)","Small",F,1797,1643,F,9.4,774,731,6.0994,685
"1339","Mistissini (Que.)","Small",F,1793,1645,F,9.0,483,442,0.9511,686
"0635","Perth-Andover (N.B.)","Small",F,1778,1797,F,-1.1,863,784,8.8855,687
"0716","Roblin (Man.)","Small",F,1774,1672,F,6.1,910,834,3.7928,688
"1040","Wynyard (Sask.)","Small",F,1767,1744,F,1.3,913,843,5.2881,689
"1323","Metcalfe (Ont.)","Small",F,1763,1728,T,2.0,596,595,2.1668,690
"0972","Valleyview (Alta.)","Small",F,1761,1725,F,2.1,786,737,9.6638,691
"0749","Shaunavon (Sask.)","Small",F,1756,1691,F,3.8,877,771,5.1023,692
"1199","Lamont (Alta.)","Small",F,1753,1669,T,5.0,673,643,9.2650,693
"0530","Middleton (N.S.)","Small",F,1749,1829,F,-4.4,935,846,5.4385,694
"1350","Blind Bay (B.C.)","Small",F,1738,1684,T,3.2,860,761,2.6537,695
"1175","Lumby (B.C.)","Small",F,1731,1634,F,5.9,756,716,5.7444,696
"0074","Blairmore (Alta.)","Small",F,1723,1830,F,-5.8,956,781,3.8953,697
"1047","One Hundred Mile House (B.C.)","Small",F,1721,1683,F,2.3,834,760,2.4008,698
"0826","Saint-Gédéon (Que.)","Small",F,1718,1790,F,-4.0,703,682,3.2774,699
"0355","Harbour Breton (N.L.)","Small",F,1711,1877,F,-8.8,678,653,13.7370,700
"1212","Dalmeny (Sask.)","Small",F,1702,1560,F,9.1,563,551,2.2663,701
"0895","Stony Mountain (Man.)","Small",F,1696,1757,F,-3.5,454,453,2.6464,702
"0137","Cardinal (Ont.)","Small",F,1690,1785,F,-5.3,808,760,2.0380,703
"1084","Dowling (Ont.)","Small",F,1690,1642,F,2.9,658,647,3.5581,703
"1056","Gambo (N.L.)","Small",F,1688,1745,F,-3.3,707,651,9.8977,705
"0754","Shelburne (N.S.)","Small",F,1686,1879,F,-10.3,903,797,9.0038,706
"0445","Lacolle (Que.)","Small",F,1679,1546,F,8.6,727,712,3.1553,707
"1394","Still Water Lake (N.S.)","Small",F,1677,855,T,96.1,524,524,3.2978,708
"0677","Price (Que.)","Small",F,1673,1777,F,-5.9,748,717,2.5896,709
"0730","Russell (Man.)","Small",F,1669,1590,T,5.0,777,760,3.1466,710
"0135","Carberry (Man.)","Small",F,1669,1502,F,11.1,753,717,4.7871,710
"1406","Ilderton (Ont.)","Small",F,1666,1322,T,26.0,587,564,0.7241,712
"0752","Shawville (Que.)","Small",F,1664,1587,F,4.9,775,747,5.4008,713
"1305","Wikwemikong (Ont.)","Small",F,1654,1314,F,25.9,661,617,4.3782,714
"1346","Clairmont (Alta.)","Small",F,1652,2012,T,-17.9,657,630,0.8580,715
"0643","Picture Butte (Alta.)","Small",F,1650,1592,F,3.6,660,625,3.0242,716
"1330","Everett (Ont.)","Small",F,1645,1850,T,-11.1,537,534,1.4828,717
"0181","Chute-aux-Outardes (Que.)","Small",F,1644,1853,F,-11.3,717,686,7.3263,718
"0878","Sainte-Croix (Que.)","Small",F,1636,1633,F,0.2,773,723,4.1997,719
"1374","Regina Beach (Sask.)","Small",F,1636,1725,T,-5.2,1364,735,7.5333,719
"0129","Cap-aux-Meules (Que.)","Small",F,1635,1685,F,-3.0,692,677,3.5095,721
"0266","Les Escoumins (Que.)","Small",F,1634,1598,F,2.3,732,708,3.1350,722
"1402","Manotick Station (Ont.)","Small",F,1632,1951,T,-16.4,515,509,1.6150,723
"1308","Millbrook (Ont.)","Small",F,1632,1652,F,-1.2,651,601,2.4310,723
"1153","Lumsden (Sask.)","Small",F,1631,1523,F,7.1,626,608,4.0584,725
"0819","Saint-Donat-de-Montcalm (Que.)","Small",F,1629,1622,F,0.4,994,799,3.7431,726
"0024","Ashcroft (B.C.)","Small",F,1628,1664,F,-2.2,803,758,7.6337,727
"0959","Ucluelet (B.C.)","Small",F,1627,1487,F,9.4,814,711,6.8100,728
"0872","Ste. Anne (Man.)","Small",F,1626,1534,F,6.0,570,561,4.1939,729
"0816","Saint-Damien-de-Buckland (Que.)","Small",F,1625,1493,F,8.8,630,614,2.7283,730
"1329","Balgonie (Sask.)","Small",F,1625,1384,F,17.4,575,543,3.1507,730
"1066","Rivière-au-Renard (Que.)","Small",F,1625,1695,F,-4.1,708,695,7.0202,730
"0150","Cayuga (Ont.)","Small",F,1622,1575,F,3.0,706,671,1.9828,733
"0957","Tweed (Ont.)","Small",F,1614,1595,F,1.2,740,692,2.7531,734
"0005","Alençon (Que.)","Small",F,1595,1462,F,9.1,704,667,2.9888,735
"1006","Watford (Ont.)","Small",F,1592,1641,F,-3.0,661,631,2.2887,736
"0162","Château-Richer (Que.)","Small",F,1589,1252,T,26.9,736,696,3.3566,737
"0623","Papineauville (Que.)","Small",F,1587,1503,F,5.6,798,725,6.2638,738
"1184","Sainte-Julienne (Que.)","Small",F,1580,1607,F,-1.7,701,645,2.6497,739
"0567","Nakusp (B.C.)","Small",F,1574,1524,F,3.3,791,707,8.0618,740
"0078","Boissevain (Man.)","Small",F,1572,1497,F,5.0,702,679,2.7694,741
"1319","Caledon (Ont.)","Small",F,1572,1580,F,-0.5,496,489,2.8430,741
"0726","Rosthern (Sask.)","Small",F,1572,1382,F,13.7,731,706,4.3065,741
"0202","Cookshire (Que.)","Small",F,1567,1483,F,5.7,690,651,10.1962,744
"0081","Bonaventure (Que.)","Small",F,1564,1453,F,7.6,716,694,3.4883,745
"0611","Ormstown (Que.)","Small",F,1561,1542,F,1.2,694,674,1.8106,746
"1335","Saint-Liboire (Que.)","Small",F,1556,1436,F,8.4,541,540,1.3019,747
"0079","Saint-Martin (Que.)","Small",F,1556,1644,F,-5.4,704,682,3.2967,747
"0264","Englehart (Ont.)","Small",F,1554,1509,T,3.0,746,706,3.0879,749
"1378","Mill Bay (B.C.)","Small",F,1549,1343,F,15.3,605,559,1.8823,750
"0613","Orono (Ont.)","Small",F,1547,1616,F,-4.3,625,605,5.2130,751
"1304","Lantz (N.S.)","Small",F,1533,1626,F,-5.7,592,576,3.0293,752
"1372","Komoka (Ont.)","Small",F,1532,1363,F,12.4,477,475,1.0608,753
"1353","Brookside (N.S.)","Small",F,1531,1824,T,-16.1,558,533,2.8440,754
"0171","Chester (N.S.)","Small",F,1529,1496,F,2.2,908,709,3.8979,755
"0514","Matagami (Que.)","Small",F,1526,1550,F,-1.5,719,625,3.0311,756
"0475","Little Current (Ont.)","Small",F,1523,1362,F,11.8,692,641,2.7711,757
"0156","Chapais (Que.)","Small",F,1521,1553,F,-2.1,681,632,4.5668,758
"0533","Milverton (Ont.)","Small",F,1519,1446,F,5.0,619,598,1.5641,759
"1352","McEwen (N.B.)","Small",F,1515,1609,F,-5.8,758,739,1.0091,760
"0172","Chesterville (Ont.)","Small",F,1514,1528,F,-0.9,673,650,2.2932,761
"0407","Kensington (P.E.I.)","Small",F,1512,1485,F,1.8,711,670,3.0402,762
"1214","Bon Accord (Alta.)","Small",F,1488,1534,F,-3.0,569,541,2.1071,763
"0508","Marmora (Ont.)","Small",F,1483,1482,F,0.1,653,614,2.4153,764
"1129","Grand Valley (Ont.)","Small",F,1481,1414,F,4.7,604,579,1.3846,765
"1414","Grunthal (Man.)","Small",F,1479,1089,T,35.8,484,465,1.7268,766
"0380","Hudson Bay (Sask.)","Small",F,1477,1626,F,-9.2,789,701,4.1606,767
"0494","Madoc (Ont.)","Small",F,1475,1435,F,2.8,704,676,2.4191,768
"1376","Roberts Creek (B.C.)","Small",F,1472,1434,T,2.6,763,623,2.9246,769
"1377","Harrison Hot Springs (B.C.)","Small",F,1468,1573,F,-6.7,908,666,5.5718,770
"0923","Terrace Bay (Ont.)","Small",F,1466,1620,F,-9.5,808,673,9.2952,771
"0107","Burgeo (N.L.)","Small",F,1464,1602,F,-8.6,682,626,1.9792,772
"0910","Swan Hills (Alta.)","Small",F,1460,1645,F,-11.2,715,573,2.6159,773
"1287","Kingsey Falls (Que.)","Small",F,1453,1507,F,-3.6,580,536,3.5735,774
"1170","Dutton (Ont.)","Small",F,1442,1448,F,-0.4,548,530,2.0427,775
"1285","Humber Arm South (N.L.)","Small",F,1442,1305,F,10.5,593,577,2.3738,775
"0141","Carlyle (Sask.)","Small",F,1441,1257,F,14.6,596,558,3.1944,777
"0756","Shellbrook (Sask.)","Small",F,1433,1230,T,16.5,662,645,3.6718,778
"1235","Saint-Éphrem-de-Tring (Que.)","Small",F,1429,1494,F,-4.4,570,559,2.1924,779
"1293","Pangnirtung (Nvt.)","Small",F,1425,1325,F,7.5,456,386,7.7711,780
"1312","Stoney Point (Ont.)","Small",F,1424,1377,T,3.4,596,528,2.4835,781
"0759","Shilo CFB-BFC (Man.)","Small",F,1421,1314,F,8.1,614,557,1.3171,782
"0815","Saint-Damase (Que.)","Small",F,1421,1329,F,6.9,607,592,3.7740,782
"0645","Pinawa (Man.)","Small",F,1416,1430,F,-1.0,699,635,3.7413,784
"1011","West Lorne (Ont.)","Small",F,1415,1403,F,0.9,612,594,1.7538,785
"1231","Macklin (Sask.)","Small",F,1415,1290,F,9.7,559,525,3.1397,785
"1200","Elk Point (Alta.)","Small",F,1412,1487,F,-5.0,619,572,4.8836,787
"1042","Yamachiche (Que.)","Small",F,1408,1311,F,7.4,618,604,2.3483,788
"0564","Notre-Dame-du-Bon-Conseil (Que.)","Small",F,1404,1426,F,-1.5,579,568,4.2370,789
"1400","Lac-Simon (Que.)","Small",F,1403,1165,T,20.4,305,303,3.2370,790
"1410","Cowichan Bay (B.C.)","Small",F,1401,1215,T,15.3,639,593,1.8054,791
"0517","Mayerthorpe (Alta.)","Small",F,1398,1474,F,-5.2,629,589,4.7763,792
"0492","Macamic (Que.)","Small",F,1390,1500,F,-7.3,613,598,5.3370,793
"0455","Lanigan (Sask.)","Small",F,1390,1233,F,12.7,584,555,8.3350,793
"0481","Longlac (Ont.)","Small",F,1388,1364,F,1.8,721,538,1.8388,795
"0390","Inverness (N.S.)","Small",F,1387,1464,F,-5.3,656,587,4.6386,796
"1197","Wembley (Alta.)","Small",F,1383,1443,F,-4.2,542,514,4.5373,797
"1370","Ballantrae (Ont.)","Small",F,1382,1278,F,8.1,642,632,2.1473,798
"0974","Vanderhoof (B.C.)","Small",F,1382,1213,F,13.9,603,579,2.2795,798
"1148","Saint-Cyrille-de-Wendover (Que.)","Small",F,1381,1242,F,11.2,566,555,3.2876,800
"1302","Two Hills (Alta.)","Small",F,1379,1047,F,31.7,522,472,3.3123,801
"0850","Saint-Michel-des-Saints (Que.)","Small",F,1379,1482,F,-7.0,650,588,3.7446,801
"1332","Rougemont (Que.)","Small",F,1378,1246,T,10.6,518,506,1.2269,803
"0353","Hantsport (N.S.)","Small",F,1377,1432,T,-3.8,608,594,2.7022,804
"1392","Cambridge Bay (Nvt.)","Small",F,1375,1147,F,19.9,463,414,0.5862,805
"0488","Luceville (Que.)","Small",F,1362,1378,F,-1.2,575,558,4.4902,806
"0858","Saint-Raphaël (Que.)","Small",F,1359,1298,F,4.7,576,561,2.6535,807
"0920","Témiscaming (Que.)","Small",F,1356,1648,F,-17.7,738,629,1.2968,808
"1158","St. Leonard (N.B.)","Small",F,1353,1362,F,-0.7,578,563,5.2131,809
"0007","Alfred (Ont.)","Small",F,1350,1340,F,0.7,646,615,2.2573,810
"0885","Sainte-Thècle (Que.)","Small",F,1345,1296,F,3.8,679,637,2.2493,811
"1342","Saint-Roch-de-l'Achigan (Que.)","Small",F,1333,1230,F,8.4,551,536,0.4928,812
"1225","Lac du Bonnet (Man.)","Small",F,1328,1009,F,31.6,680,620,2.2477,813
"1248","Cookstown (Ont.)","Small",F,1328,1393,F,-4.7,513,505,3.9571,813
"0506","Markdale (Ont.)","Small",F,1325,1409,F,-6.0,655,629,3.1309,815
"0729","Roxton Falls (Que.)","Small",F,1323,1397,T,-5.3,602,580,4.9926,816
"1395","Starlight Village (N.B.)","Small",F,1319,1914,T,-31.1,431,430,2.2321,817
"1217","Lions Bay (B.C.)","Small",F,1318,1328,F,-0.8,556,507,2.5338,818
"0130","Cap-Chat (Que.)","Small",F,1316,1371,F,-4.0,610,559,2.7156,819
"1396","Maliotenam (Que.)","Small",F,1316,1123,T,17.2,445,431,5.1709,819
"1397","Ville Lambert (Que.)","Small",F,1315,1027,T,28.0,542,518,0.7404,821
"1437","L'Ange-Gardien (Que.)","Small",F,1311,865,T,51.6,538,525,1.3558,822
"0995","Wadena (Sask.)","Small",F,1306,1315,F,-0.7,667,611,2.9054,823
"0627","Parrsboro (N.S.)","Small",F,1305,1401,F,-6.9,768,639,14.8823,824
"0565","Notre-Dame-du-Lac (Que.)","Small",F,1303,1394,F,-6.5,686,618,3.5099,825
"0672","Powassan (Ont.)","Small",F,1301,1267,F,2.7,521,503,3.2563,826
"1027","Wilkie (Sask.)","Small",F,1301,1222,F,6.5,598,552,9.4755,826
"1432","Saint-Charles (Que.)","Small",F,1300,1158,T,12.3,547,536,1.2184,828
"1230","Langham (Sask.)","Small",F,1290,1120,F,15.2,510,489,3.9766,829
"1238","Le Bic (Que.)","Small",F,1286,1238,F,3.9,604,596,3.8838,830
"0702","Richibucto (N.B.)","Small",F,1286,1290,F,-0.3,653,599,11.8281,830
"0620","Oxbow (Sask.)","Small",F,1285,1139,F,12.8,526,503,3.1339,832
"0518","McAdam (N.B.)","Small",F,1284,1404,F,-8.5,607,560,14.4666,833
"1279","Bassano (Alta.)","Small",F,1282,1345,F,-4.7,585,542,5.1568,834
"1359","Bromont (Que.)","Small",F,1281,1126,F,13.8,786,666,0.8069,835
"0473","Linière (Que.)","Small",F,1279,1252,F,2.2,557,542,1.2140,836
"0928","Thessalon (Ont.)","Small",F,1279,1312,F,-2.5,594,510,4.3746,836
"1389","Red Lake (Ont.)","Small",F,1274,1368,F,-6.9,574,536,1.3977,838
"1145","Maskinongé (Que.)","Small",F,1271,1139,T,11.6,562,554,2.1285,839
"0969","Vallée-Jonction (Que.)","Small",F,1269,1228,F,3.3,567,551,1.0995,840
"0325","Gold River (B.C.)","Small",F,1267,1362,F,-7.0,790,560,11.0457,841
"1123","Daveluyville (Que.)","Small",F,1266,1302,F,-2.8,616,563,2.5810,842
"0363","Havelock (Ont.)","Small",F,1265,1298,F,-2.5,559,534,2.2050,843
"1358","Saint Grégoire (Que.)","Small",F,1264,1098,F,15.1,518,509,0.5238,844
"0044","Barry's Bay (Ont.)","Small",F,1262,1265,T,-0.2,584,533,2.5678,845
"1428","St. Clements (Ont.)","Small",F,1261,1792,T,-29.6,452,449,1.5122,846
"0600","Norwood (Ont.)","Small",F,1254,1309,F,-4.2,521,501,1.8174,847
"1307","Omemee (Ont.)","Small",F,1247,1323,F,-5.7,519,498,2.3886,848
"1322","Munster (Ont.)","Small",F,1242,1321,F,-6.0,431,424,0.6706,849
"1387","Bowden (Alta.)","Small",F,1241,1210,T,2.6,545,518,2.7290,850
"0807","Saint-Basile-Sud (Que.)","Small",F,1238,1259,F,-1.7,598,580,1.9481,851
"0256","Eganville (Ont.)","Small",F,1226,1240,F,-1.1,603,561,3.8437,852
"1132","Creemore (Ont.)","Small",F,1222,1289,F,-5.2,510,475,1.8604,853
"0038","Golden (Ont.)","Small",F,1220,1392,F,-12.4,575,473,1.2849,854
"1429","New Dundee (Ont.)","Small",F,1219,1297,T,-6.0,434,428,1.5216,855
"0337","Grande-Rivière (Que.)","Small",F,1218,1239,F,-1.7,596,584,2.8164,856
"1362","Oka-Kanesatake (Que.)","Small",F,1208,1112,T,8.6,570,531,0.6417,857
"1277","Saint-Alexandre (Que.)","Small",F,1207,1085,F,11.2,485,477,2.0361,858
"0740","Sayabec (Que.)","Small",F,1201,1305,F,-8.0,551,518,3.1675,859
"1435","Domaine-C.-L.-C. (Que.)","Small",F,1200,941,T,27.5,470,445,1.3077,860
"1436","Saint-Michel (Que.)","Small",F,1197,983,T,21.8,409,409,0.8517,861
"1327","Amigo Beach (Ont.)","Small",F,1195,1124,T,6.3,566,452,1.1283,862
"1420","Kimosom Pwatinahk 203 (Deschambault Lake) (Sask.)","Small",F,1194,821,T,45.4,222,205,8.0423,863
"1401","Amulet (Que.)","Small",F,1193,860,T,38.7,473,463,1.8387,864
"0710","Rivers (Man.)","Small",F,1189,1193,F,-0.3,526,503,7.9664,865
"1301","Mildmay (Ont.)","Small",F,1183,1216,F,-2.7,538,486,1.7889,866
"1243","Hensall (Ont.)","Small",F,1173,1128,F,4.0,473,449,1.8984,867
"0772","Souris (P.E.I.)","Small",F,1173,1232,F,-4.8,550,484,3.4218,867
"0723","Rogersville (N.B.)","Small",F,1170,1165,F,0.4,555,530,7.2301,869
"0304","Fraser Lake (B.C.)","Small",F,1167,1113,F,4.9,543,482,4.0672,870
"1439","Baker Lake (Nvt.)","Small",F,1165,808,T,44.2,359,303,0.4012,871
"0501","Manning (Alta.)","Small",F,1164,1493,F,-22.0,501,461,3.4232,872
"1369","Irricana (Alta.)","Small",F,1162,1243,F,-6.5,480,444,3.1846,873
"0822","Saint-Fabien (Que.)","Small",F,1160,1157,F,0.3,513,504,1.7213,874
"0437","Labelle (Que.)","Small",F,1159,1145,F,1.2,584,532,2.6922,875
"1295","Brussels (Ont.)","Small",F,1157,1170,F,-1.1,525,485,2.0112,876
"1326","Saint-Denis (Que.)","Small",F,1152,1205,T,-4.4,532,513,1.2094,877
"0621","Oxford (N.S.)","Small",F,1151,1178,F,-2.3,558,510,10.7626,878
"0453","Langenburg (Sask.)","Small",F,1148,1048,F,9.5,531,499,3.4556,879
"0283","Foam Lake (Sask.)","Small",F,1148,1123,F,2.2,599,548,6.0602,879
"0889","Stephenville Crossing (N.L.)","Small",F,1140,1209,F,-5.7,527,511,2.3252,881
"1171","Salmo (B.C.)","Small",F,1139,1007,F,13.1,546,519,2.4432,882
"1241","Hastings (Ont.)","Small",F,1139,1195,F,-4.7,559,498,3.2612,882
"0391","Iroquois (Ont.)","Small",F,1139,1190,F,-4.3,549,527,4.7403,882
"1412","Moose Lake (Man.)","Small",F,1137,827,T,37.5,260,254,1.6614,885
"0197","Coleraine (Que.)","Small",F,1137,1283,F,-11.4,524,503,5.0109,885
"1411","Mitchell (Man.)","Small",F,1136,1284,T,-11.5,349,346,1.3156,887
"0650","Plaster Rock (N.B.)","Small",F,1135,1150,F,-1.3,563,501,3.0854,888
"1155","Alberton (P.E.I.)","Small",F,1135,1081,F,5.0,495,465,4.5028,888
"1416","Blumenort (Man.)","Small",F,1133,834,T,35.9,334,327,1.6395,890
"0773","South River (Ont.)","Small",F,1133,1149,F,-1.4,546,498,4.1335,890
"0852","Saint-Pacôme (Que.)","Small",F,1128,1133,F,-0.4,461,444,2.9139,892
"0143","Carnduff (Sask.)","Small",F,1126,1012,F,11.3,488,452,2.2643,893
"1419","Eckville (Alta.)","Small",F,1125,951,T,18.3,485,436,1.5828,894
"0338","Gravelbourg (Sask.)","Small",F,1116,1089,F,2.5,516,486,3.2259,895
"1409","Miller's Landing (B.C.)","Small",F,1113,722,T,54.2,541,439,1.5671,896
"1431","Sunderland (Ont.)","Small",F,1110,1072,T,3.5,432,417,1.3976,897
"1314","Cultus Lake (B.C.)","Small",F,1110,1119,F,-0.8,763,536,2.3864,897
"1292","L'Ascension-de-Notre-Seigneur (Que.)","Small",F,1108,1119,F,-1.0,428,416,2.3350,899
"1415","Gillam (Man.)","Small",F,1106,509,T,117.3,474,363,0.6886,900
"1424","Welcome Beach (B.C.)","Small",F,1106,1069,T,3.5,471,449,1.2717,900
"0489","Lucknow (Ont.)","Small",F,1105,1162,F,-4.9,480,455,1.7472,902
"1154","Sainte-Justine (Que.)","Small",F,1099,1090,F,0.8,468,454,1.3309,903
"0041","Barraute (Que.)","Small",F,1097,1133,F,-3.2,501,496,1.2607,904
"1375","Crofton (B.C.)","Small",F,1092,1108,F,-1.4,471,453,0.4956,905
"1343","Hayes Subdivision (N.S.)","Small",F,1090,1053,F,3.5,425,421,1.0498,906
"1442","Deep Cove (B.C.)","Small",F,1088,1249,T,-12.9,469,436,1.4491,907
"1443","Osler (Sask.)","Small",F,1088,926,T,17.5,358,356,1.5529,907
"0561","Hébertville (Que.)","Small",F,1086,1080,F,0.6,459,455,0.7782,909
"1434","Terrasse-des-Pins (Que.)","Small",F,1085,555,T,95.5,418,412,0.8429,910
"1008","Weedon Centre (Que.)","Small",F,1085,1182,F,-8.2,552,503,5.4618,910
"1440","Kugluktuk (Nvt.)","Small",F,1082,1220,T,-11.3,321,293,0.3385,912
"1418","Trochu (Alta.)","Small",F,1072,1005,T,6.7,429,414,2.8205,913
"1438","Saint-Alexandre (Que.)","Small",F,1071,993,T,7.9,407,398,1.2784,914
"0674","Preeceville (Sask.)","Small",F,1070,1050,F,1.9,579,528,3.0550,915
"0525","Melita (Man.)","Small",F,1069,1051,F,1.7,539,490,2.9665,916
"1422","Caronport (Sask.)","Small",F,1068,919,T,16.2,361,329,1.8965,917
"1341","Notre-Dame-du-Mont-Carmel (Que.)","Small",F,1065,1075,F,-0.9,435,428,1.3675,918
"1316","Hillsburgh (Ont.)","Small",F,1065,1156,F,-7.9,398,380,2.9116,918
"1421","Birch Hills (Sask.)","Small",F,1064,935,T,13.8,440,432,2.2716,920
"1398","Sainte-Catherine-de-la-Jacques-Cartier (Que.)","Small",F,1062,450,T,136.0,409,406,0.7894,921
"1337","Carleton (Que.)","Small",F,1061,1162,F,-8.7,547,515,0.9003,922
"1413","St. Theresa Point (Man.)","Small",F,1057,534,T,97.9,205,190,0.1671,923
"0300","Fortune (N.L.)","Small",F,1055,1045,T,1.0,522,477,0.5419,924
"0223","Desbiens (Que.)","Small",F,1053,1074,F,-2.0,502,466,10.4128,925
"1403","Bath (Ont.)","Small",F,1042,823,T,26.6,467,448,1.3026,926
"0066","Bernierville (Que.)","Small",F,1042,1101,F,-5.4,538,479,1.9817,926
"0988","Viking (Alta.)","Small",F,1041,1085,F,-4.1,473,445,3.7572,928
"0112","Cache Creek (B.C.)","Small",F,1040,1037,F,0.3,512,473,10.2496,929
"1254","St. Adolphe (Man.)","Small",F,1036,1048,F,-1.1,361,353,1.4344,930
"0777","Spirit River (Alta.)","Small",F,1025,1148,F,-10.7,471,425,2.8052,931
"1390","Moosonee (Ont.)","Small",F,1024,1214,F,-15.7,388,333,0.5559,932
"1207","Rodney (Ont.)","Small",F,1023,1091,F,-6.2,483,454,2.1302,933
"1291","Smoky Lake (Alta.)","Small",F,1022,1010,F,1.2,478,430,4.1965,934
"0095","Bridgetown (N.S.)","Small",F,1014,1082,F,-6.3,515,475,3.6540,935
"1425","Mannheim (Ont.)","Small",F,1013,1145,T,-11.5,326,323,0.9861,936
"0401","Kedgwick (N.B.)","Small",F,1012,1151,F,-12.1,492,455,4.2776,937
"1298","Teeswater (Ont.)","Small",F,1011,1071,F,-5.6,457,429,1.9792,938
"1128","Paisley (Ont.)","Small",F,1003,1047,T,-4.2,507,451,1.8536,939
"1288","Sainte-Anne-de-Madawaska (N.B.)","Small",F,1002,1073,F,-6.6,426,420,9.2069,940
"1430","Thornton (Ont.)","Small",F,1001,898,T,11.5,337,331,0.9991,941
"1407","Nobleford (Alta.)","Small",F,1000,689,T,45.1,375,334,1.5436,942